1,85.5,96.5,110.5,74.4,37.04,16.6,0.774
0,75.9,96.4,116.8,75.6,37.0,16.0,0.65
0,87.7,93.2,111.8,76.7,36.14,14.4,0.784
1,100.8,96.7,123.9,86.4,37.21,16.0,0.814
0,74.5,99.3,142.4,67.8,35.76,17.9,0.523
0,74.5,94.4,108.9,66.7,36.34,15.5,0.684
0,101.7,100.0,139.0,89.6,35.4,17.6,0.731
1,89.5,98.7,108.7,70.9,37.89,12.8,0.823
0,71.0,95.7,107.6,62.1,36.64,13.7,0.66
1,86.1,97.2,135.9,70.7,38.32,13.2,0.634
0,71.0,100.0,137.7,72.4,37.36,13.9,0.516
0,71.0,99.3,136.5,93.1,37.11,20.9,0.52
0,81.6,97.5,99.6,86.2,36.39,18.8,0.819
0,49.3,96.9,114.1,88.6,36.07,11.9,0.432
0,52.1,97.7,136.0,85.0,37.17,17.7,0.383
0,69.6,96.3,122.7,86.4,36.75,14.5,0.567
0,62.8,92.4,103.7,68.4,35.86,13.4,0.605
0,82.7,100.0,129.8,73.8,35.74,10.4,0.637
0,64.4,97.9,109.8,65.1,36.13,19.7,0.586
0,56.8,98.5,152.5,73.7,38.07,10.8,0.373
1,100.0,97.4,148.3,83.5,38.35,15.8,0.674
0,74.6,95.7,132.3,77.5,36.94,12.4,0.564
0,79.0,97.1,145.1,90.4,36.9,18.9,0.544
0,56.6,93.7,123.1,63.4,36.56,14.7,0.46
0,69.8,100.0,135.0,81.5,36.15,15.5,0.517
0,79.7,94.5,147.1,62.3,37.76,15.6,0.541
0,60.7,95.0,126.2,77.0,38.11,17.1,0.481
0,83.6,96.4,117.7,84.1,36.17,16.0,0.711
0,69.0,100.0,93.0,73.6,36.74,15.8,0.742
0,73.6,97.5,120.6,82.1,36.49,14.0,0.611
0,69.0,94.5,136.0,65.4,36.51,10.0,0.507
1,105.8,100.0,138.1,57.7,37.63,11.7,0.766
0,77.8,99.3,130.6,82.1,35.88,18.7,0.596
0,62.1,98.8,112.8,95.2,37.13,14.8,0.551
1,90.3,99.2,88.4,65.0,37.31,13.5,1.022
0,59.7,100.0,113.6,89.4,36.7,10.7,0.526
0,81.1,100.0,116.8,76.5,37.43,9.5,0.694
0,48.6,95.9,116.7,61.3,36.9,13.3,0.417
0,58.1,100.0,132.5,63.6,37.65,19.4,0.438
0,81.0,98.4,155.8,76.2,35.73,13.9,0.52
0,89.1,98.7,124.1,71.6,36.56,17.5,0.718
0,80.6,93.4,118.3,61.6,36.75,13.7,0.681
0,76.3,97.1,117.6,57.4,35.0,18.4,0.649
0,73.5,95.5,124.1,66.7,36.04,14.7,0.592
0,55.8,99.5,107.9,78.1,36.23,11.3,0.517
0,67.2,100.0,124.0,75.9,37.46,15.0,0.542
0,71.1,92.5,129.7,70.5,36.31,23.0,0.548
0,93.9,97.4,125.6,78.2,36.23,22.8,0.747
0,83.2,100.0,129.8,87.4,37.37,17.8,0.641
0,51.6,97.1,129.4,80.3,35.67,15.5,0.398
0,82.9,99.2,91.9,74.7,35.35,17.2,0.902
0,72.2,98.3,132.8,86.2,36.55,17.2,0.544
0,67.8,98.3,110.6,65.4,35.79,15.8,0.613
0,87.2,96.8,103.4,73.5,35.81,17.7,0.843
1,93.5,94.6,103.2,73.8,37.2,16.8,0.905
1,92.0,94.8,129.4,62.4,37.41,14.8,0.711
0,65.4,99.2,118.2,71.4,37.35,11.5,0.553
1,73.4,97.5,93.4,53.2,37.58,14.3,0.785
1,83.0,97.2,130.1,97.0,37.67,19.0,0.638
0,92.6,96.5,97.5,65.7,35.31,15.9,0.95
0,70.8,96.8,124.4,93.4,37.12,17.1,0.569
0,75.2,100.0,126.1,76.4,36.43,14.9,0.597
0,61.4,96.7,137.1,82.2,36.28,12.0,0.448
0,60.1,94.3,152.3,70.6,37.19,15.1,0.394
0,90.2,99.3,98.8,78.3,35.59,12.1,0.913
0,98.3,97.0,121.1,83.2,35.57,11.9,0.812
1,76.9,97.6,117.3,83.3,37.24,20.6,0.656
0,93.1,100.0,129.4,84.5,37.14,14.4,0.719
0,83.4,97.5,125.7,71.9,36.9,13.2,0.664
0,68.3,98.2,116.0,70.7,36.18,22.1,0.589
1,83.4,94.7,114.5,58.5,37.32,19.1,0.729
1,101.1,97.0,103.0,81.8,37.28,14.6,0.981
0,77.5,99.0,138.8,87.9,36.86,17.6,0.558
0,101.5,93.8,129.8,93.8,35.98,15.1,0.782
0,45.0,98.0,137.6,79.4,36.5,13.4,0.327
1,90.3,97.7,116.7,67.6,37.39,17.8,0.774
1,79.3,97.6,110.8,57.3,37.73,14.8,0.716
0,73.5,100.0,103.7,87.5,36.57,16.3,0.709
0,79.4,98.3,128.1,56.2,36.63,19.9,0.62
0,48.2,100.0,104.3,72.3,36.69,19.5,0.462
0,74.7,95.1,153.4,73.5,36.99,13.9,0.487
0,83.4,97.8,99.8,75.2,36.39,17.8,0.835
0,100.2,97.7,126.7,76.4,35.0,11.7,0.791
0,70.2,94.9,148.6,77.5,37.63,17.7,0.472
0,65.9,99.8,132.2,49.4,38.06,16.6,0.498
0,70.5,100.0,125.0,76.2,36.37,17.4,0.564
0,91.7,97.5,105.5,51.5,36.05,14.9,0.869
1,82.9,98.7,98.5,84.1,36.7,23.9,0.842
0,70.1,97.7,135.1,69.9,36.67,12.6,0.519
0,85.7,95.8,147.6,52.3,37.5,19.7,0.581
0,79.5,93.1,114.5,67.0,36.84,12.1,0.694
1,92.5,95.8,102.6,69.7,36.25,17.9,0.902
0,67.5,94.2,80.2,89.1,35.88,18.2,0.841
0,73.1,100.0,105.3,78.2,37.41,16.2,0.694
0,72.1,97.2,120.1,79.8,37.22,14.1,0.601
0,56.0,96.7,149.2,89.0,37.54,16.5,0.376
0,82.4,99.6,133.4,74.9,36.12,17.0,0.618
1,81.9,94.8,127.2,84.3,38.09,22.8,0.644
0,78.1,95.7,115.2,83.5,35.58,12.7,0.678
0,74.5,97.7,112.1,61.8,37.3,13.9,0.664
0,56.8,100.0,145.9,92.2,35.46,17.1,0.389
0,71.7,98.7,125.4,60.4,36.25,15.0,0.572
1,72.9,98.1,86.3,86.1,37.89,15.6,0.845
0,66.0,97.7,110.5,59.3,37.38,20.1,0.597
0,75.6,98.5,107.4,82.6,36.42,8.0,0.704
0,84.1,98.0,112.7,96.5,36.44,13.7,0.746
1,106.3,95.0,131.6,73.7,36.87,9.4,0.808
0,80.6,97.6,120.2,73.2,37.16,11.5,0.671
1,81.9,94.9,120.7,82.7,37.68,25.1,0.678
0,76.9,97.7,144.3,72.4,36.48,18.3,0.533
0,49.2,96.3,110.2,96.0,35.67,19.6,0.447
0,77.6,100.0,153.7,78.1,36.91,15.7,0.505
0,78.9,97.4,110.6,72.5,36.48,18.9,0.713
0,114.9,94.1,123.5,70.1,35.89,9.3,0.931
0,75.1,97.2,117.2,65.7,37.01,19.9,0.641
0,82.5,98.7,124.1,69.1,36.65,12.9,0.665
0,77.5,100.0,129.6,72.1,37.01,14.0,0.598
0,60.5,96.1,129.4,70.6,36.17,17.9,0.467
1,95.1,93.7,109.2,68.8,37.14,17.2,0.871
0,89.3,99.5,102.9,99.1,35.88,16.3,0.868
0,89.9,94.2,164.6,64.7,36.22,10.8,0.546
0,64.4,96.5,113.8,77.6,36.63,16.4,0.566
1,99.0,96.9,133.9,82.5,38.02,19.7,0.74
0,57.0,97.3,94.7,82.9,37.35,14.0,0.602
1,86.8,99.2,117.2,75.4,37.55,21.0,0.74
1,110.9,95.9,119.8,73.4,37.79,12.7,0.925
1,63.1,96.8,130.0,81.0,39.32,16.0,0.486
1,69.5,97.5,75.7,78.9,36.83,21.8,0.918
1,79.5,97.9,124.8,73.2,37.79,13.4,0.637
1,70.4,97.7,102.5,58.8,37.51,20.0,0.688
0,54.7,98.5,127.5,70.9,37.5,23.5,0.429
1,79.0,99.5,104.4,63.4,38.04,16.6,0.757
0,62.1,98.4,107.5,68.7,36.51,14.0,0.578
0,85.1,98.6,117.3,76.4,36.45,13.1,0.725
1,64.2,93.7,104.1,79.9,37.02,21.0,0.617
1,101.2,97.6,113.9,95.6,36.67,20.9,0.889
0,66.3,98.7,101.7,70.1,37.02,21.5,0.651
1,73.2,99.2,90.8,84.5,37.89,15.9,0.806
0,90.2,95.8,139.3,79.4,36.47,19.9,0.648
0,59.5,95.9,100.0,90.3,36.59,15.8,0.596
0,81.4,96.1,119.0,82.3,36.92,12.6,0.684
0,97.6,98.8,134.8,64.9,36.64,20.3,0.724
0,53.9,100.0,111.5,57.0,35.46,22.2,0.483
0,80.8,96.5,108.0,79.4,36.39,12.1,0.748
0,81.9,99.7,125.8,70.2,37.28,12.1,0.651
1,89.7,97.8,141.0,65.2,37.81,16.2,0.636
0,59.4,97.2,102.1,62.1,35.99,19.6,0.582
0,58.2,97.0,119.4,77.8,35.99,11.7,0.487
1,85.8,99.3,92.5,92.6,36.82,16.9,0.927
0,82.5,98.3,115.3,71.5,35.35,13.8,0.715
0,81.8,100.0,122.6,82.5,36.49,18.7,0.667
0,83.2,95.5,107.5,74.9,35.58,13.0,0.774
1,67.8,98.7,114.2,61.8,37.76,18.9,0.594
0,81.5,96.2,98.1,84.1,36.26,15.4,0.831
1,82.4,95.4,123.3,64.0,37.96,12.4,0.668
0,67.3,97.5,139.9,76.2,37.58,16.2,0.481
1,106.0,97.8,103.3,72.2,36.35,8.6,1.026
0,85.1,100.0,111.4,85.8,36.05,13.9,0.764
0,60.1,97.1,130.5,64.4,36.66,17.3,0.461
0,87.8,94.8,142.6,80.3,36.73,9.3,0.616
0,63.4,98.2,96.6,66.8,37.04,8.0,0.656
0,89.8,92.5,119.1,70.4,36.26,8.0,0.754
1,95.4,97.3,126.8,40.0,37.32,21.0,0.752
0,65.7,97.5,120.3,99.0,36.99,15.7,0.546
1,92.5,99.4,79.9,82.1,36.56,14.0,1.157
0,84.2,99.8,130.5,67.6,36.3,19.6,0.645
0,90.3,96.3,147.8,63.6,36.67,14.5,0.611
0,106.5,97.1,124.0,70.5,36.23,17.0,0.859
0,74.3,95.7,104.5,83.9,36.84,16.1,0.711
0,66.7,94.8,113.3,55.2,36.86,14.2,0.589
0,64.7,98.2,152.1,74.4,36.98,17.1,0.425
0,65.8,94.4,137.5,95.5,38.04,18.9,0.478
0,76.8,96.5,132.9,63.5,36.71,15.3,0.578
1,83.1,95.1,128.1,76.9,37.5,14.2,0.649
0,82.2,98.8,110.8,100.2,36.96,14.7,0.742
0,90.4,100.0,118.6,83.0,36.63,8.0,0.762
0,78.2,94.4,120.7,77.4,36.72,17.1,0.648
0,99.8,93.1,131.3,81.6,36.76,11.4,0.76
0,74.0,97.2,147.7,71.6,37.0,18.4,0.501
0,118.8,97.5,141.0,90.3,36.13,15.7,0.843
0,87.4,98.0,97.9,71.6,35.77,16.4,0.893
0,65.1,96.4,125.8,54.4,37.26,18.7,0.518
0,61.9,97.0,134.5,71.7,37.43,12.5,0.46
0,85.2,98.4,132.5,65.4,37.32,17.4,0.643
0,74.6,100.0,111.3,72.9,36.91,17.0,0.671
0,88.7,92.8,171.5,73.2,37.34,15.3,0.517
1,85.1,96.6,100.3,89.2,37.3,12.5,0.849
1,76.9,98.0,103.6,83.6,37.35,18.3,0.742
0,65.3,95.3,126.0,78.9,36.2,18.7,0.518
0,55.3,100.0,158.0,76.0,36.03,16.4,0.35
0,71.3,96.0,107.8,64.4,36.53,11.9,0.662
0,90.8,97.4,117.5,52.0,36.79,14.0,0.773
0,81.2,98.8,140.3,77.2,36.63,15.8,0.579
0,59.3,96.1,121.7,84.7,35.49,18.6,0.487
1,80.6,93.1,116.3,74.8,38.01,10.0,0.693
0,83.8,96.5,131.6,70.1,36.61,13.9,0.637
0,64.7,100.0,126.6,81.1,36.92,14.5,0.511
0,80.3,96.7,139.5,75.1,37.67,15.7,0.576
0,78.9,95.5,144.0,94.5,35.16,11.1,0.548
0,60.9,99.7,127.2,89.6,36.44,15.2,0.478
0,83.4,96.7,127.0,86.6,36.53,14.8,0.657
0,86.4,96.3,125.6,84.3,36.56,12.1,0.688
0,94.2,97.9,130.3,61.8,36.68,15.6,0.723
1,93.8,99.3,122.9,83.3,37.81,13.9,0.763
0,57.3,100.0,122.0,80.1,37.27,17.9,0.47
0,63.9,99.5,142.3,82.7,37.47,12.6,0.449
0,85.7,100.0,147.8,81.4,36.83,16.3,0.58
0,85.7,96.3,96.4,81.0,35.82,12.9,0.889
0,85.7,95.0,122.2,105.7,35.34,13.7,0.702
1,135.8,97.6,110.3,75.2,35.73,17.1,1.231
1,86.6,97.8,116.7,86.3,37.05,16.9,0.742
0,95.0,94.9,128.8,70.8,36.82,14.4,0.738
0,92.3,97.1,133.4,84.7,36.65,15.0,0.692
0,87.8,98.5,120.1,86.3,36.54,10.5,0.731
1,73.3,98.4,89.5,80.0,38.21,21.3,0.819
0,89.4,98.7,105.6,94.4,36.22,18.6,0.846
0,66.4,98.2,137.2,66.3,37.45,18.5,0.484
1,74.4,96.3,75.4,70.6,36.8,9.9,0.987
0,70.7,96.3,142.2,78.3,36.76,13.7,0.497
1,79.2,94.6,130.9,85.7,37.62,14.7,0.605
1,112.7,100.0,144.4,78.0,37.82,8.7,0.781
0,50.0,97.5,118.6,90.1,36.63,19.4,0.421
1,88.3,97.0,87.0,68.7,37.36,21.5,1.015
0,53.8,95.3,129.3,63.5,37.05,23.8,0.416
0,70.9,100.0,143.7,79.4,36.81,12.0,0.494
0,94.3,94.9,137.7,75.2,36.94,16.4,0.685
0,79.0,96.5,110.7,82.0,36.32,21.0,0.713
0,61.8,98.5,123.5,75.7,36.59,15.0,0.501
0,67.3,98.9,112.9,72.3,36.39,13.8,0.596
1,88.2,99.8,108.1,75.2,37.43,8.9,0.816
0,67.0,100.0,138.2,76.3,36.73,20.3,0.485
0,81.2,98.7,101.6,72.6,35.89,15.9,0.799
0,78.7,95.0,106.8,73.8,36.29,13.2,0.737
0,68.2,96.9,103.2,71.6,35.0,17.1,0.661
1,110.2,98.2,96.7,85.4,36.45,16.6,1.14
0,87.5,100.0,124.5,78.1,36.83,16.6,0.703
0,47.6,94.1,141.7,100.8,36.7,15.2,0.336
1,80.8,100.0,118.9,77.8,38.19,22.2,0.68
0,68.1,97.9,96.4,69.9,37.2,15.5,0.706
0,90.8,99.5,136.3,105.4,37.17,22.2,0.666
0,66.1,97.3,150.7,80.5,35.65,18.1,0.439
0,76.3,95.5,111.0,86.9,36.54,17.3,0.687
0,85.6,99.3,113.9,82.5,36.46,15.6,0.752
0,91.0,99.1,130.8,82.9,36.25,19.7,0.696
0,60.0,99.8,149.6,81.9,36.24,16.4,0.401
0,73.0,97.5,113.2,63.9,35.53,12.5,0.645
0,70.9,96.1,99.3,80.0,35.91,12.3,0.713
0,68.2,93.8,132.7,61.4,37.41,17.6,0.514
0,104.5,99.5,135.6,74.1,36.7,12.6,0.771
0,84.1,98.5,122.1,68.0,36.45,15.8,0.689
0,59.1,95.2,112.5,79.9,36.8,20.0,0.525
1,91.8,96.2,138.9,79.7,37.62,17.2,0.661
1,109.8,96.4,131.0,81.3,36.8,13.3,0.839
1,93.5,93.9,108.9,79.2,37.18,21.4,0.858
0,55.2,95.5,122.8,69.3,36.21,18.1,0.449
0,70.7,94.8,99.0,73.1,36.37,19.9,0.714
0,97.0,96.5,133.7,86.1,37.05,8.0,0.726
1,67.4,95.7,117.5,87.7,38.12,17.3,0.573
1,84.7,93.6,114.6,63.4,37.8,19.2,0.739
1,89.6,100.0,121.4,59.2,37.21,22.5,0.738
0,64.1,100.0,122.7,68.0,36.91,10.4,0.522
1,77.1,95.6,137.2,87.5,37.78,20.6,0.562
0,45.0,98.2,132.0,89.4,37.36,22.2,0.341
0,62.6,98.5,119.3,65.8,35.19,8.3,0.525
0,74.2,100.0,135.0,79.4,36.06,17.8,0.55
0,59.3,95.5,128.8,96.2,37.04,18.3,0.46
0,102.5,100.0,114.7,80.6,35.55,14.8,0.893
0,56.5,96.2,119.9,91.6,36.17,14.1,0.472
0,71.4,94.3,119.5,87.0,36.31,18.5,0.598
0,80.0,99.2,130.6,66.0,36.62,13.7,0.612
0,99.6,100.0,115.8,73.9,36.6,15.2,0.861
0,56.5,100.0,115.4,76.4,36.6,19.1,0.489
1,95.4,94.6,155.5,77.1,37.38,22.7,0.614
0,78.2,99.2,138.0,86.1,36.61,18.0,0.566
0,63.3,96.5,109.1,80.5,36.53,16.5,0.58
0,84.9,99.4,131.7,43.7,35.86,14.0,0.645
1,81.0,94.0,124.0,61.6,37.52,12.2,0.653
0,69.0,94.5,128.7,51.9,36.33,20.2,0.536
0,79.0,95.6,124.3,77.9,36.04,15.4,0.636
0,72.2,97.7,142.2,78.6,36.95,20.4,0.508
0,79.7,96.0,127.9,79.1,36.26,14.7,0.623
0,87.9,99.1,120.9,65.5,36.43,13.5,0.727
0,101.8,100.0,139.7,83.4,36.98,17.6,0.729
0,59.4,98.9,126.0,83.9,36.57,15.7,0.472
1,110.0,100.0,124.1,62.2,38.42,11.4,0.887
0,48.7,98.5,127.3,59.9,36.75,22.9,0.383
0,75.7,94.6,120.4,76.0,37.23,13.6,0.629
0,86.8,100.0,122.2,95.7,35.44,19.5,0.711
0,82.2,96.0,112.0,94.7,36.2,19.2,0.734
0,68.7,99.7,109.2,82.2,36.04,11.2,0.629
0,74.9,100.0,105.0,68.0,36.13,12.2,0.713
0,70.6,98.6,98.3,85.8,37.09,14.9,0.718
1,69.2,93.9,107.0,71.0,37.52,12.7,0.646
1,90.7,95.3,119.0,67.6,37.04,22.6,0.762
0,83.4,100.0,123.8,52.4,36.64,15.2,0.674
0,67.6,97.1,117.4,77.1,36.36,19.4,0.576
1,91.5,97.7,82.0,69.1,37.58,18.0,1.116
0,82.6,99.3,148.8,77.1,38.25,17.0,0.555
0,90.2,99.2,140.5,50.7,36.89,16.2,0.642
1,87.4,98.2,129.6,77.9,37.46,20.7,0.675
0,65.6,97.0,154.4,49.3,37.04,12.9,0.425
1,69.6,96.7,105.4,88.0,37.33,22.6,0.66
0,89.2,99.6,154.1,81.7,35.98,11.1,0.579
0,87.2,98.8,105.6,72.9,36.46,19.0,0.825
0,77.7,96.9,126.1,82.2,37.08,10.7,0.616
1,79.8,100.0,100.3,65.2,37.65,14.8,0.795
0,97.2,97.2,122.2,76.8,36.23,16.4,0.795
0,69.1,95.5,128.6,84.7,35.38,14.2,0.538
0,86.2,95.7,119.4,42.0,36.45,15.3,0.722
0,75.0,95.2,134.1,71.1,37.51,10.7,0.559
0,74.7,96.8,123.7,75.8,35.69,12.2,0.604
0,94.5,100.0,113.1,73.8,35.98,17.9,0.835
1,90.4,95.6,112.4,92.0,36.91,16.1,0.804
0,90.2,98.0,135.8,63.6,36.72,13.4,0.664
1,97.6,95.9,110.9,69.2,37.22,21.0,0.88
0,78.3,96.9,137.6,54.9,35.94,11.4,0.569
0,88.2,93.9,142.8,92.6,36.57,14.6,0.618
1,73.3,97.0,93.6,73.3,37.64,14.1,0.783
0,82.9,97.0,141.3,71.2,35.96,18.3,0.587
0,76.0,98.8,157.0,75.4,37.83,16.2,0.484
0,79.5,98.0,126.3,83.0,36.05,15.6,0.629
0,86.9,94.6,132.2,79.8,37.39,9.0,0.658
0,65.7,100.0,139.6,105.1,36.54,19.3,0.471
0,109.4,98.0,117.3,81.0,36.0,15.2,0.932
0,62.9,98.0,125.1,70.9,36.45,16.4,0.503
0,59.8,97.5,99.7,69.8,37.18,13.2,0.6
0,95.4,96.3,124.4,71.7,36.8,12.6,0.767
1,89.9,98.0,130.5,59.5,37.58,21.7,0.689
0,87.4,98.6,130.8,76.4,37.81,9.3,0.668
0,87.4,93.3,140.1,84.6,35.97,12.0,0.624
0,77.8,96.2,108.8,69.3,35.92,21.6,0.715
0,64.5,96.9,112.9,67.1,35.89,18.4,0.571
0,79.1,98.1,154.2,92.7,36.17,14.8,0.513
0,67.8,100.0,119.4,60.3,37.57,20.7,0.568
1,92.6,95.6,125.4,53.3,37.19,17.7,0.739
0,75.8,96.3,120.9,63.3,36.42,16.9,0.627
0,65.6,96.3,108.0,59.1,36.79,16.9,0.607
0,73.2,95.6,149.6,80.2,37.78,17.8,0.489
1,84.2,96.7,113.0,72.0,38.14,17.9,0.745
0,69.5,99.3,102.8,73.6,36.98,24.3,0.676
0,65.7,95.0,114.3,88.7,35.0,15.3,0.574
1,81.7,98.5,88.0,68.4,37.01,15.4,0.928
1,81.7,93.4,110.9,84.5,37.45,11.3,0.736
0,70.4,96.2,105.5,92.6,36.96,15.8,0.667
0,70.9,96.7,132.5,71.0,37.31,23.1,0.535
0,81.5,100.0,110.6,84.1,37.05,19.7,0.737
0,56.3,96.8,137.1,73.3,35.94,13.9,0.411
0,56.9,92.2,145.8,86.2,36.18,16.1,0.39
0,67.2,92.7,135.3,58.7,36.58,11.1,0.497
0,74.8,97.6,118.3,57.9,37.55,12.3,0.632
0,82.7,99.0,124.4,71.7,36.26,16.6,0.665
1,100.1,98.4,96.1,66.2,37.12,14.1,1.042
0,90.9,97.9,119.7,70.3,37.01,12.0,0.759
1,75.6,100.0,107.4,73.6,37.91,17.9,0.704
0,77.7,96.2,133.8,83.9,36.77,15.7,0.581
0,63.0,99.6,165.7,71.5,35.57,10.0,0.38
0,77.7,93.6,130.5,66.9,37.25,8.1,0.596
1,73.7,95.3,88.2,72.1,38.3,13.8,0.836
1,82.8,93.2,115.9,67.5,37.3,10.0,0.715
0,65.6,96.8,124.1,65.7,36.25,8.9,0.529
0,85.8,97.4,123.5,58.3,36.04,20.3,0.695
0,101.0,97.8,109.6,76.8,36.13,15.6,0.922
1,76.4,97.6,126.2,69.7,38.2,15.0,0.605
1,84.0,95.3,100.9,86.6,36.57,15.3,0.833
0,88.4,97.0,105.9,60.1,36.34,11.7,0.834
0,72.0,93.9,133.0,70.0,36.69,17.6,0.541
0,81.4,100.0,104.7,95.9,36.58,15.5,0.777
0,78.2,96.8,131.1,65.7,37.9,13.1,0.596
0,79.5,96.3,98.7,73.4,36.09,13.7,0.805
0,66.4,100.0,152.0,62.6,37.63,11.3,0.437
0,78.4,94.5,108.8,61.2,36.89,14.5,0.72
1,85.5,94.8,118.2,93.0,37.64,15.1,0.723
1,99.8,94.9,127.6,77.9,37.91,14.4,0.782
1,92.4,97.3,112.4,77.5,36.86,16.2,0.822
1,110.3,98.5,124.4,57.3,36.58,15.7,0.886
0,66.5,99.3,131.8,79.9,36.85,16.9,0.505
0,91.1,100.0,138.3,88.7,36.73,19.6,0.658
0,80.8,92.1,135.5,88.6,35.64,18.3,0.596
1,110.8,99.0,119.1,83.4,37.89,19.6,0.931
0,65.9,96.2,119.5,63.6,36.97,12.8,0.551
0,65.4,96.1,161.9,79.4,35.99,14.1,0.404
0,69.0,96.0,138.1,83.3,35.35,18.5,0.5
0,46.1,95.3,106.3,56.3,35.17,18.6,0.434
0,70.1,100.0,123.7,63.7,37.34,13.4,0.567
0,66.6,99.5,116.3,85.8,36.37,18.3,0.573
0,80.3,97.6,119.7,85.6,36.48,12.4,0.67
1,83.1,100.0,101.1,59.0,37.14,17.8,0.822
1,106.1,93.9,115.0,84.7,36.44,15.9,0.923
0,92.3,94.3,152.8,77.0,37.18,10.7,0.604
0,69.3,92.3,131.8,84.6,36.87,14.4,0.526
1,64.5,95.8,79.7,69.0,36.74,24.3,0.81
0,85.4,97.9,142.7,83.1,35.7,16.8,0.598
0,58.2,97.7,140.5,85.3,36.23,24.7,0.414
1,105.5,97.9,115.9,72.1,37.22,10.5,0.91
0,95.7,94.1,134.2,76.2,36.32,18.9,0.713
0,71.0,99.4,107.4,68.9,37.64,8.0,0.661
0,52.3,98.1,114.0,94.2,38.44,16.0,0.459
0,98.3,99.3,147.5,74.7,37.26,18.4,0.667
1,76.3,93.0,117.4,65.9,37.84,19.2,0.65
1,96.6,98.2,90.2,68.1,37.3,13.0,1.07
0,54.1,94.6,120.9,77.4,36.43,19.9,0.447
0,69.0,96.5,120.7,84.3,36.94,14.0,0.572
0,78.1,98.8,142.4,61.3,38.21,15.4,0.548
0,78.7,97.7,122.2,96.3,36.43,14.4,0.644
0,71.2,95.5,114.8,79.4,36.07,11.7,0.62
0,87.3,97.5,139.8,81.1,36.01,22.0,0.625
0,62.0,93.8,124.1,74.9,36.65,16.2,0.5
0,75.9,100.0,109.2,76.2,36.1,20.1,0.694
1,79.8,97.0,141.6,74.4,37.97,20.0,0.563
0,85.7,100.0,125.3,87.2,36.95,12.3,0.684
1,88.7,96.2,122.0,75.9,37.48,20.6,0.727
0,61.1,96.2,125.0,84.4,36.59,17.9,0.489
0,55.0,95.7,103.8,71.2,36.0,12.0,0.53
0,97.2,99.6,113.0,78.2,35.88,17.7,0.86
0,83.0,95.8,122.1,67.2,36.16,12.1,0.68
0,66.8,99.0,118.7,89.4,37.04,22.1,0.563
1,101.3,96.6,143.6,66.8,37.16,19.1,0.705
1,79.7,92.8,125.7,72.4,37.22,15.7,0.634
0,95.7,96.1,136.5,72.5,35.76,20.8,0.701
0,79.0,94.7,122.2,72.1,36.8,10.0,0.647
0,108.9,97.6,140.0,83.9,36.08,13.2,0.778
1,104.3,94.6,128.8,72.5,37.08,15.0,0.81
0,74.3,99.7,122.2,91.3,37.14,24.5,0.608
0,92.6,97.3,121.8,67.0,35.98,11.9,0.76
1,87.7,97.1,105.8,77.9,37.48,9.5,0.829
1,98.5,99.1,130.6,67.5,38.44,10.5,0.754
0,63.5,99.8,121.3,80.6,37.38,19.4,0.524
0,88.3,97.5,113.5,75.8,36.69,13.7,0.778
0,93.9,95.6,140.8,74.3,36.58,15.4,0.667
0,51.6,93.2,100.7,89.1,36.65,18.9,0.512
0,60.3,95.9,114.8,68.8,36.27,15.4,0.525
0,47.4,96.0,139.5,82.5,36.98,16.8,0.34
0,74.0,97.8,127.4,67.5,36.0,18.0,0.581
0,88.8,96.7,121.2,77.2,35.48,14.4,0.732
1,100.5,99.2,126.3,62.8,36.95,15.4,0.796
0,79.1,96.0,125.1,68.7,36.81,16.9,0.633
1,102.4,97.4,96.2,75.1,36.4,19.3,1.065
0,57.3,100.0,116.1,96.0,35.9,13.0,0.494
0,52.4,98.3,149.5,77.1,37.0,8.0,0.351
0,77.2,97.4,110.8,94.2,36.11,18.6,0.697
0,83.8,96.1,116.6,78.4,36.7,19.5,0.718
1,77.5,96.0,112.8,71.7,38.04,16.8,0.687
0,47.0,95.5,120.5,92.9,37.26,17.0,0.39
0,76.7,96.2,112.1,80.8,35.84,13.9,0.684
0,58.4,99.3,130.3,68.9,35.91,17.9,0.449
0,88.0,97.0,125.4,81.2,36.91,19.2,0.702
0,83.5,94.3,135.2,72.8,35.84,16.2,0.618
0,63.9,100.0,104.1,54.1,35.4,25.5,0.614
0,70.3,98.3,116.2,86.3,37.17,10.1,0.605
0,62.1,94.1,118.2,88.0,37.02,16.6,0.526
0,77.1,96.4,129.7,96.2,37.12,11.5,0.594
1,92.3,97.8,108.5,80.6,36.98,19.3,0.851
0,63.2,100.0,137.6,73.3,36.75,10.0,0.46
0,85.6,94.8,142.2,85.2,36.34,10.9,0.602
0,70.0,99.8,105.2,85.3,37.16,13.6,0.666
0,66.1,100.0,113.7,94.0,37.87,17.0,0.582
0,76.4,96.0,113.0,75.5,36.45,13.7,0.676
0,62.5,96.8,166.8,74.2,36.09,13.8,0.375
0,69.7,95.0,114.7,68.1,36.01,15.3,0.608
0,60.0,97.0,150.5,81.9,36.19,15.1,0.399
1,107.5,97.4,100.5,59.0,36.94,21.7,1.07
0,78.5,99.1,105.2,84.5,35.3,18.6,0.747
0,67.5,100.0,110.3,82.5,37.11,14.8,0.612
1,81.2,95.7,107.6,82.4,37.25,24.0,0.755
0,76.3,92.8,117.4,77.5,35.54,17.9,0.65
0,74.7,97.4,110.0,92.9,36.11,12.3,0.679
1,87.2,98.2,108.1,85.6,36.86,17.0,0.807
0,89.4,98.1,141.7,69.3,36.7,18.0,0.631
0,70.0,96.7,142.8,69.5,37.16,13.4,0.49
0,69.4,97.8,138.1,66.3,36.7,12.0,0.502
0,73.9,100.0,130.9,82.1,37.69,16.3,0.564
0,45.0,98.4,123.6,65.0,36.58,14.6,0.364
0,55.3,96.6,113.6,87.9,36.11,21.6,0.487
1,98.5,96.3,105.8,90.6,36.06,18.8,0.931
1,102.7,97.1,128.2,66.3,37.31,13.6,0.801
0,74.3,100.0,102.0,74.0,36.82,17.6,0.728
1,86.6,97.1,105.1,76.2,37.24,20.8,0.824
0,82.7,97.5,141.6,85.7,37.23,10.7,0.584
0,124.2,96.3,154.3,93.7,35.39,12.1,0.805
0,94.8,100.0,128.7,57.5,36.0,16.0,0.737
0,76.1,100.0,140.8,72.5,36.09,16.1,0.54
0,63.7,98.6,117.8,73.1,36.23,15.8,0.54
0,53.9,97.7,99.3,60.6,36.51,14.8,0.543
0,81.1,97.6,132.4,70.7,37.5,14.8,0.612
0,66.7,91.8,131.7,80.7,37.64,17.5,0.506
0,56.7,99.3,123.2,72.9,36.59,20.3,0.46
0,68.3,97.8,117.9,59.0,36.62,14.2,0.579
0,61.8,98.5,138.4,107.6,36.31,25.3,0.447
1,103.3,95.8,105.2,78.9,36.86,23.5,0.982
1,91.2,96.6,108.8,77.2,36.94,21.1,0.838
1,77.9,96.5,104.9,63.9,37.36,18.4,0.743
1,100.2,100.0,123.4,78.9,37.36,23.6,0.812
0,79.2,96.6,103.5,74.2,35.19,14.9,0.765
0,65.1,100.0,110.4,55.2,36.69,12.8,0.59
1,100.8,98.5,110.0,64.2,37.77,14.0,0.917
0,86.1,94.4,117.6,84.7,36.49,12.2,0.732
1,62.4,97.2,96.7,97.4,37.6,16.5,0.646
0,75.1,95.9,123.5,80.0,36.59,17.1,0.609
0,64.9,92.2,143.2,88.1,36.92,16.8,0.453
0,57.3,100.0,124.3,74.3,36.0,16.0,0.461
0,91.9,99.2,148.2,75.0,36.03,16.5,0.62
1,106.6,98.8,144.7,88.0,37.31,22.6,0.737
0,57.0,97.9,135.2,94.3,37.42,18.4,0.422
1,86.4,94.2,123.3,90.3,36.82,19.5,0.701
0,68.2,96.3,122.4,64.3,35.94,16.7,0.558
0,70.7,99.5,135.0,75.3,36.83,9.9,0.524
0,69.1,95.0,115.3,79.1,37.68,9.1,0.599
1,65.0,91.4,90.0,73.1,38.02,23.9,0.723
0,78.7,97.0,130.4,80.3,36.58,14.0,0.604
0,65.5,97.2,102.8,85.0,35.64,13.7,0.638
1,82.1,97.8,105.6,87.0,37.39,16.9,0.777
0,77.2,99.2,122.0,94.5,36.61,18.1,0.633
0,74.4,99.0,120.4,72.4,37.46,18.6,0.618
0,64.4,98.1,98.0,61.0,37.0,22.7,0.657
0,69.3,100.0,124.8,79.9,36.18,21.7,0.556
0,89.3,93.9,138.4,96.7,36.84,12.9,0.645
1,85.5,98.7,102.8,70.8,37.72,19.7,0.832
0,63.3,99.0,143.6,83.6,36.7,14.5,0.441
0,79.5,94.5,95.5,83.7,36.08,15.5,0.833
0,89.3,93.9,158.0,78.1,35.69,11.8,0.565
0,53.0,95.7,115.0,76.1,36.26,9.6,0.46
0,86.2,95.9,124.5,65.8,36.51,15.9,0.692
1,68.1,99.3,89.8,50.9,37.37,12.4,0.758
0,86.6,96.0,120.9,63.8,36.02,19.5,0.716
0,66.6,95.4,125.9,71.7,37.89,14.9,0.529
0,50.9,96.0,120.5,88.1,35.86,17.2,0.423
1,53.6,100.0,112.4,74.9,38.43,21.2,0.477
1,78.7,97.5,105.9,70.3,38.01,10.4,0.743
0,81.9,97.1,141.2,66.2,36.9,13.2,0.58
0,64.4,97.2,122.5,83.2,35.65,16.7,0.526
0,87.6,100.0,148.2,90.9,36.76,17.2,0.591
0,53.1,95.7,113.0,87.7,36.53,20.2,0.47
0,77.0,100.0,114.6,82.7,35.91,19.3,0.672
0,59.8,98.0,135.9,59.8,37.0,16.4,0.44
0,68.2,97.1,94.4,72.1,36.22,17.2,0.723
0,78.7,100.0,101.4,97.4,36.3,17.3,0.776
0,65.1,95.0,140.7,88.3,36.66,10.4,0.463
0,72.2,96.7,102.1,59.1,36.4,15.4,0.708
1,93.1,94.5,91.1,75.4,38.25,16.9,1.022
0,69.3,99.8,153.8,80.0,36.42,17.7,0.451
1,90.5,100.0,98.3,67.6,37.11,12.5,0.921
0,61.1,100.0,125.1,50.6,36.9,11.2,0.488
0,85.9,100.0,123.2,77.1,37.05,15.1,0.698
1,99.6,97.0,74.2,67.3,37.1,23.5,1.342
0,45.0,96.6,117.5,67.4,37.42,12.9,0.383
0,66.0,93.5,129.6,72.1,36.99,20.5,0.51
0,86.7,100.0,128.0,74.5,36.96,22.0,0.677
0,75.0,98.6,137.4,75.9,36.84,16.2,0.546
0,83.6,96.3,115.4,66.3,36.7,13.4,0.724
0,68.9,100.0,134.1,73.6,36.16,17.9,0.514
0,79.3,95.2,110.3,56.7,36.76,16.7,0.719
0,75.7,98.5,98.0,79.4,36.97,12.7,0.772
1,95.5,97.1,99.9,44.6,37.08,13.5,0.956
1,81.8,99.0,97.1,72.8,36.93,17.7,0.842
0,83.1,97.3,139.2,86.1,36.64,19.5,0.597
1,71.8,94.0,96.3,64.3,36.76,14.8,0.746
0,70.7,97.7,126.7,83.9,36.41,15.7,0.558
0,71.5,100.0,117.5,88.7,37.02,18.5,0.609
0,83.9,97.4,120.3,40.0,36.65,15.3,0.698
0,71.7,99.4,145.2,74.3,36.93,14.9,0.494
1,82.3,95.0,114.5,44.4,37.5,13.1,0.719
0,109.1,97.4,132.4,74.7,36.3,13.1,0.824
1,91.1,96.0,122.6,75.9,37.22,26.1,0.743
0,73.1,99.3,119.4,48.7,36.82,15.3,0.612
1,96.0,97.6,161.1,97.2,38.21,21.2,0.596
0,71.9,99.2,97.5,79.1,36.65,22.4,0.737
0,47.4,100.0,143.9,66.7,37.29,15.3,0.33
0,62.9,99.2,133.2,92.1,36.81,17.4,0.472
0,49.9,98.2,113.8,56.2,35.83,16.4,0.439
0,72.7,95.1,149.7,62.5,36.44,9.9,0.486
1,78.3,97.5,90.6,50.7,37.42,10.1,0.864
1,103.1,96.2,113.1,95.8,36.5,16.2,0.912
0,82.9,96.7,101.5,79.7,35.25,14.4,0.817
0,74.7,96.6,129.0,83.3,36.78,23.2,0.579
0,90.4,95.1,103.1,79.3,36.04,15.1,0.877
0,45.0,92.8,129.4,82.3,36.89,23.4,0.348
1,81.5,95.9,118.8,76.9,37.89,14.2,0.686
1,89.6,98.0,113.9,79.0,37.34,23.3,0.787
0,55.8,94.3,128.6,77.2,37.88,17.9,0.434
0,95.2,97.5,117.4,69.3,36.41,18.1,0.81
0,83.1,100.0,103.5,75.5,36.7,14.1,0.803
0,71.8,100.0,169.6,79.0,36.07,18.2,0.423
0,87.5,100.0,113.7,77.2,36.32,22.4,0.769
1,112.1,98.4,84.3,59.7,36.15,15.4,1.329
0,80.7,100.0,107.7,61.2,35.89,14.7,0.75
1,81.7,95.8,100.5,87.9,37.76,15.1,0.814
0,71.1,96.0,136.0,72.6,35.34,22.2,0.523
1,65.3,90.9,127.5,82.4,37.76,19.3,0.512
1,90.5,100.0,128.8,64.0,37.67,21.5,0.702
0,65.2,100.0,115.7,59.8,37.15,17.2,0.563
0,79.1,96.2,117.3,66.7,36.02,16.1,0.674
0,70.8,96.9,115.7,73.6,35.69,17.6,0.612
0,85.2,95.7,120.6,68.7,36.42,20.1,0.706
0,83.0,98.4,136.2,90.2,37.24,15.1,0.609
0,93.6,100.0,127.7,78.0,36.8,21.2,0.733
0,70.3,93.3,130.5,96.3,36.07,17.4,0.539
0,74.0,98.5,130.5,80.4,37.6,8.0,0.567
0,63.3,96.8,137.0,49.5,37.98,19.4,0.462
0,71.3,97.8,126.9,87.6,36.64,11.2,0.562
0,83.7,98.6,128.1,59.4,36.88,19.3,0.653
0,89.4,97.0,142.2,78.5,35.74,19.4,0.628
0,64.2,97.3,110.7,67.5,36.51,17.3,0.58
1,91.0,97.0,107.5,99.6,37.16,18.1,0.847
1,98.3,99.8,101.8,91.8,37.05,20.2,0.966
0,84.2,98.5,125.1,67.8,36.44,14.1,0.673
1,106.2,98.0,90.5,74.6,36.61,19.0,1.173
0,66.4,94.4,129.9,78.7,36.49,20.4,0.511
0,59.3,96.6,120.1,85.5,36.61,22.7,0.494
0,51.3,99.7,141.3,76.3,37.1,11.8,0.363
0,100.4,97.6,110.6,64.7,35.42,17.6,0.908
0,87.8,99.1,118.5,68.1,36.75,12.3,0.741
0,77.2,100.0,141.1,76.0,37.04,12.2,0.547
0,82.2,100.0,145.5,89.6,36.4,17.4,0.565
0,61.1,97.7,110.4,80.7,36.46,16.3,0.553
1,114.7,96.3,125.1,67.5,36.48,20.4,0.917
0,79.9,91.4,127.0,83.1,36.46,14.7,0.629
0,79.6,97.1,128.4,71.7,36.8,15.5,0.62
1,88.9,96.7,117.5,85.8,36.89,16.8,0.756
0,85.2,98.4,143.8,103.8,35.33,12.7,0.593
1,81.4,97.1,89.9,72.1,37.26,13.3,0.905
0,66.1,96.7,114.8,84.8,36.6,20.2,0.576
1,85.1,93.2,129.6,67.8,38.15,13.9,0.656
0,106.2,95.2,129.8,74.8,35.97,20.5,0.819
0,98.2,98.6,145.0,76.3,36.19,18.3,0.677
0,101.9,100.0,142.4,73.9,36.66,10.1,0.716
0,70.3,97.3,117.1,103.1,37.09,18.0,0.6
0,63.2,98.3,144.1,72.6,35.43,18.0,0.438
0,76.1,99.8,109.9,82.5,36.22,17.6,0.693
0,78.8,95.6,137.8,54.8,37.21,15.5,0.572
0,94.4,98.4,152.8,80.8,36.14,12.4,0.618
0,52.6,95.7,142.7,88.6,37.76,21.1,0.369
0,100.9,99.6,123.8,70.2,36.48,15.6,0.815
0,75.6,97.9,116.4,48.4,36.17,12.6,0.65
1,71.6,98.2,96.0,75.6,37.23,17.7,0.746
0,62.8,95.6,127.3,76.2,37.93,13.2,0.494
0,53.2,99.2,103.0,84.0,37.09,12.4,0.516
1,90.3,100.0,108.5,98.1,37.68,14.6,0.833
1,79.1,95.1,101.8,71.8,37.97,13.5,0.777
0,58.7,96.7,114.2,66.6,36.15,12.5,0.514
0,58.6,98.1,121.5,63.2,37.46,19.1,0.482
0,73.0,99.4,126.7,78.2,35.73,15.6,0.576
1,103.0,96.2,111.8,81.3,37.1,20.8,0.922
0,74.1,90.7,140.2,70.0,36.75,12.8,0.529
0,55.5,100.0,118.5,84.6,37.67,9.4,0.468
1,74.3,99.3,108.6,81.1,37.62,16.6,0.684
1,73.9,93.3,125.8,76.5,37.2,23.1,0.587
0,45.0,96.0,155.4,66.1,37.01,18.0,0.29
0,77.2,100.0,127.7,70.7,37.16,28.2,0.604
0,74.5,100.0,115.8,49.3,36.84,17.3,0.643
1,88.4,99.8,96.0,78.6,36.76,16.9,0.921
1,105.7,97.1,118.3,76.3,37.81,8.0,0.894
1,94.9,97.7,126.0,78.1,37.89,17.6,0.753
0,74.0,97.2,115.4,81.5,36.7,16.6,0.641
0,61.4,100.0,93.7,80.2,36.97,14.5,0.655
1,116.6,95.4,107.5,74.8,36.86,15.5,1.084
0,78.9,95.6,146.7,76.5,35.67,15.7,0.538
0,78.2,99.9,146.4,60.6,36.56,15.3,0.534
1,77.6,97.4,106.9,69.6,37.92,23.9,0.726
0,81.0,100.0,133.4,76.6,36.28,14.6,0.607
1,75.8,95.9,102.0,67.9,38.28,16.6,0.744
0,69.4,97.4,145.9,85.5,37.62,14.5,0.476
0,69.8,95.3,126.2,68.8,37.08,19.0,0.553
0,77.5,97.5,138.1,78.4,37.19,16.7,0.561
0,69.8,94.0,92.8,77.3,36.16,14.9,0.752
0,67.3,96.3,133.5,84.2,36.61,8.7,0.504
1,79.6,94.1,121.9,85.9,37.81,16.9,0.653
0,74.2,99.2,136.5,83.6,36.37,14.8,0.543
1,100.6,99.2,137.6,52.8,37.54,15.8,0.731
0,45.0,93.3,123.1,89.1,35.84,11.5,0.366
0,94.4,100.0,111.8,92.8,35.96,21.4,0.844
1,96.7,100.0,135.3,70.7,38.13,19.3,0.715
0,46.9,97.6,121.0,78.6,36.79,21.4,0.388
0,72.9,96.0,107.2,66.2,36.42,20.4,0.68
1,72.4,100.0,106.4,54.6,37.75,18.3,0.681
1,56.9,94.3,96.9,67.9,37.67,11.7,0.587
1,66.3,97.5,113.3,70.1,37.44,23.0,0.585
0,61.3,97.9,140.7,72.1,36.4,12.5,0.436
0,104.3,100.0,125.0,65.5,36.6,15.0,0.834
1,92.0,98.4,113.0,67.9,37.02,18.7,0.815
1,97.1,96.3,135.7,75.9,37.29,18.9,0.715
1,88.8,95.2,107.8,67.5,36.44,18.2,0.824
0,61.1,96.7,123.6,82.0,36.92,14.5,0.494
0,70.1,95.1,118.9,83.5,36.99,13.7,0.59
1,85.3,97.6,135.2,102.2,37.7,25.6,0.631
0,59.7,96.1,95.2,88.4,37.33,15.9,0.627
0,88.7,93.9,107.5,78.7,35.75,15.4,0.825
0,74.4,100.0,94.1,69.2,36.65,13.3,0.79
0,72.4,96.3,117.6,79.2,36.15,16.9,0.616
0,88.7,94.5,142.6,79.6,37.2,16.8,0.622
1,84.7,97.1,113.4,70.4,37.45,15.9,0.747
0,72.6,97.7,113.3,84.6,36.87,17.5,0.641
1,95.4,93.3,136.8,60.6,36.61,22.7,0.697
0,61.8,98.3,140.2,73.3,36.85,13.7,0.441
1,87.2,95.0,120.5,82.1,36.95,16.2,0.724
0,86.9,100.0,133.6,72.8,36.35,13.5,0.65
0,73.4,98.8,103.7,73.7,35.95,17.1,0.707
0,82.9,96.5,145.4,74.5,35.36,13.8,0.57
0,59.2,95.7,158.5,66.8,37.69,14.0,0.374
0,91.9,97.2,130.9,88.9,37.15,10.5,0.702
1,75.2,99.0,86.6,64.8,37.05,16.4,0.869
1,70.2,97.4,112.5,79.5,37.69,17.6,0.624
0,93.7,97.0,132.4,80.6,35.92,23.1,0.708
0,67.4,97.6,114.8,65.6,35.59,17.8,0.587
0,56.9,96.1,143.6,76.8,37.07,14.3,0.396
0,54.7,96.7,132.0,66.0,37.01,10.8,0.414
0,87.1,92.5,110.0,91.3,35.59,11.4,0.792
0,58.8,99.8,122.5,63.5,37.05,11.1,0.48
1,104.3,98.2,106.8,68.8,36.52,23.1,0.977
0,46.8,95.6,118.9,62.5,36.24,17.1,0.393
1,103.4,100.0,112.6,61.1,36.57,13.8,0.919
0,81.2,97.7,142.0,93.5,35.09,12.4,0.572
0,76.5,95.0,158.0,82.0,36.39,12.7,0.485
0,69.8,99.6,97.7,77.5,36.31,13.7,0.715
1,84.0,98.5,89.3,68.8,37.19,21.0,0.94
0,77.4,98.4,117.8,86.0,36.69,15.9,0.657
1,94.5,96.5,96.2,66.9,37.25,10.5,0.983
0,79.7,98.6,122.8,84.7,35.02,24.8,0.649
0,80.3,96.9,134.7,66.4,36.21,11.7,0.596
0,72.5,98.8,147.4,68.9,37.19,13.8,0.492
0,77.1,92.9,125.4,84.3,36.58,21.0,0.615
1,82.6,96.5,118.7,85.5,37.39,17.6,0.696
0,52.3,100.0,88.4,82.6,35.54,14.2,0.592
0,57.8,95.7,122.4,64.5,37.31,11.3,0.472
0,89.1,96.1,123.2,71.1,36.35,12.3,0.724
0,80.6,96.4,132.9,77.7,36.28,12.6,0.606
1,75.2,94.6,110.0,66.7,37.49,16.0,0.684
1,78.3,92.2,114.6,91.1,37.61,16.7,0.683
1,83.2,96.9,96.9,49.6,37.52,15.4,0.859
1,69.9,97.8,83.0,67.4,38.23,15.9,0.842
1,66.3,97.4,103.2,70.4,37.69,12.0,0.643
0,80.9,97.2,95.3,44.7,36.24,17.1,0.849
0,63.3,97.6,127.7,60.6,36.9,20.9,0.496
0,84.1,100.0,113.2,82.9,36.55,15.4,0.743
0,52.5,97.0,112.8,76.3,38.22,15.3,0.465
1,93.4,96.1,105.3,93.3,37.57,16.3,0.888
1,85.1,96.8,67.0,93.0,36.67,20.2,1.269
0,81.8,98.9,147.6,80.8,37.41,12.6,0.554
0,92.7,100.0,105.0,79.4,35.94,21.5,0.883
1,103.0,96.0,115.0,76.7,36.98,17.6,0.896
1,93.2,97.7,97.3,46.8,36.14,16.1,0.958
0,50.4,98.3,138.5,60.7,35.62,20.6,0.364
0,58.8,95.1,124.4,77.1,37.35,11.5,0.473
1,68.6,97.5,108.0,82.8,37.44,18.0,0.636
1,78.4,94.0,115.3,79.2,37.12,17.6,0.68
0,85.8,93.3,150.5,66.2,36.67,12.4,0.57
0,67.1,98.4,120.8,86.3,35.91,17.8,0.556
0,80.8,96.6,118.9,92.3,35.99,17.1,0.68
0,66.7,98.0,106.0,86.3,36.12,15.3,0.629
0,68.8,97.5,89.8,86.9,36.64,19.3,0.767
0,56.9,95.2,119.3,69.8,37.55,13.8,0.477
0,64.2,97.4,127.5,87.8,37.54,17.0,0.503
0,57.7,94.5,140.7,77.6,35.65,15.5,0.41
0,63.4,100.0,83.8,81.6,36.31,13.7,0.756
1,93.8,94.2,102.9,80.0,36.3,17.9,0.912
0,63.8,97.0,112.1,74.7,35.03,15.2,0.569
1,117.5,95.0,121.9,66.5,37.2,10.4,0.963
0,85.4,98.9,119.5,75.1,36.63,9.2,0.714
0,80.8,96.7,119.9,86.9,36.72,19.0,0.673
0,65.1,96.3,128.9,71.1,37.74,11.4,0.505
1,88.5,99.5,106.6,85.8,36.86,17.1,0.83
0,69.4,97.6,137.9,84.1,36.5,16.2,0.503
0,79.8,98.7,129.4,72.7,37.2,14.6,0.617
1,116.4,95.1,116.6,91.3,37.54,23.4,0.999
0,76.6,94.1,149.2,72.1,37.01,16.7,0.513
0,95.2,97.8,148.5,92.6,37.28,18.9,0.642
0,67.5,96.7,137.9,80.8,36.7,17.1,0.489
1,77.5,99.0,70.7,75.8,36.74,15.1,1.096
0,104.6,97.3,148.8,66.2,36.88,15.9,0.703
0,68.6,98.0,135.5,75.0,36.27,21.5,0.506
0,105.2,93.6,156.1,73.8,36.4,20.1,0.674
1,88.6,100.0,143.0,62.2,37.76,23.4,0.62
0,69.6,97.1,148.8,73.6,38.21,16.8,0.467
0,87.5,99.2,136.9,67.2,37.91,12.7,0.639
0,92.6,95.5,144.9,82.4,35.87,14.3,0.639
0,87.3,98.2,155.9,90.4,35.81,11.5,0.56
0,54.4,94.4,125.7,62.5,35.97,18.9,0.433
0,67.1,98.6,95.3,94.8,36.89,13.8,0.704
0,74.3,96.6,116.8,74.6,35.0,8.0,0.636
0,76.9,97.6,128.6,65.3,36.39,25.4,0.598
1,87.3,99.2,123.3,84.3,37.78,13.8,0.708
1,80.7,94.5,100.8,71.1,37.49,13.8,0.8
0,58.0,95.9,94.3,75.1,36.44,22.4,0.615
0,83.7,98.6,109.4,71.6,36.5,11.4,0.765
0,87.2,100.0,135.7,67.0,37.2,20.3,0.642
0,86.4,97.2,148.9,84.0,37.45,13.8,0.58
0,94.2,98.9,137.6,72.9,36.43,11.0,0.685
0,90.5,97.2,140.0,60.2,36.64,22.5,0.647
0,84.9,100.0,120.6,82.1,36.4,19.5,0.704
0,76.9,93.3,92.4,62.7,35.87,19.5,0.833
0,53.1,97.7,114.3,63.3,36.65,17.4,0.465
0,84.4,93.6,117.6,89.1,36.59,18.3,0.718
0,81.1,91.5,113.6,62.8,35.92,11.3,0.714
0,82.1,98.2,122.9,50.5,37.25,16.4,0.668
0,58.8,97.8,129.5,82.9,37.14,12.5,0.454
0,61.8,96.8,136.5,72.7,37.29,10.7,0.453
0,93.8,97.2,117.3,73.6,36.26,17.6,0.8
0,77.4,100.0,89.6,72.5,35.41,20.4,0.864
1,88.2,96.9,113.8,78.5,37.13,14.5,0.775
0,78.4,98.7,122.7,67.7,36.34,15.2,0.639
0,78.4,95.9,142.8,92.2,36.18,11.7,0.549
0,92.1,98.2,112.3,59.8,35.92,16.0,0.82
0,70.3,96.9,130.7,80.9,36.61,18.9,0.538
1,79.4,96.5,126.9,83.1,37.9,19.0,0.626
0,71.1,100.0,122.7,67.6,36.45,18.1,0.579
0,71.5,100.0,137.8,64.7,36.04,13.6,0.519
0,73.4,97.8,110.8,87.2,37.26,13.5,0.662
1,81.3,92.0,112.2,65.1,36.92,19.0,0.725
0,70.8,96.6,121.8,69.3,35.32,19.1,0.581
1,96.8,100.0,111.1,85.8,37.26,15.3,0.871
0,64.6,96.9,130.6,76.4,38.29,14.4,0.494
0,75.2,100.0,109.9,56.2,35.0,20.4,0.684
0,71.4,100.0,125.8,95.2,35.94,14.6,0.567
0,99.7,98.0,120.3,70.2,35.0,18.8,0.829
0,80.9,95.5,125.7,71.6,36.75,15.5,0.644
1,93.5,91.7,114.2,78.8,37.49,12.0,0.819
0,55.7,99.1,116.2,82.9,36.87,22.1,0.479
1,82.0,95.5,123.6,97.6,37.77,16.5,0.663
1,91.3,97.9,125.4,57.7,37.38,13.3,0.728
1,79.2,94.5,121.9,85.1,37.99,10.7,0.65
0,94.0,96.9,151.0,84.2,37.61,11.1,0.622
0,70.2,97.6,105.2,74.5,36.52,14.6,0.668
1,99.1,98.1,120.9,84.7,36.85,23.3,0.82
1,112.5,94.8,95.2,86.3,36.19,13.8,1.181
0,72.6,100.0,128.3,60.8,36.64,21.5,0.565
0,71.3,96.1,103.0,95.2,36.84,15.5,0.692
1,99.8,93.5,117.3,58.9,36.74,11.5,0.851
1,101.7,97.2,115.7,63.5,37.74,14.2,0.879
0,70.2,97.6,126.8,73.1,36.57,11.1,0.553
0,71.7,97.9,112.6,97.2,36.15,12.7,0.637
0,73.8,100.0,111.9,72.6,36.19,12.6,0.659
0,57.8,96.9,146.4,75.6,37.26,8.8,0.395
0,64.2,97.2,126.8,91.8,35.82,21.7,0.506
0,62.9,94.9,112.5,72.7,36.66,16.8,0.56
0,66.5,99.5,117.7,63.0,37.73,13.4,0.565
0,77.5,97.9,150.0,71.4,37.0,16.8,0.517
0,81.5,96.5,118.0,91.1,36.75,12.8,0.691
1,101.3,92.9,110.3,76.8,36.77,8.0,0.918
0,63.0,100.0,110.4,97.2,36.08,27.2,0.571
0,92.8,94.6,112.7,84.1,36.2,16.7,0.823
0,74.8,96.1,111.9,68.9,36.66,13.8,0.668
0,77.3,98.4,100.2,76.6,36.99,8.7,0.771
1,88.1,94.6,102.9,66.6,37.46,10.3,0.856
0,61.2,93.9,107.9,68.6,36.86,22.3,0.567
1,83.7,92.4,132.1,120.0,37.75,21.7,0.634
1,80.5,99.2,115.5,87.2,37.92,18.9,0.697
1,85.4,96.2,118.5,85.5,37.36,11.8,0.721
0,82.3,100.0,143.6,69.1,37.66,21.7,0.573
0,114.8,95.1,144.0,93.3,36.11,17.7,0.797
0,68.4,95.3,117.2,88.1,36.0,18.5,0.584
0,70.0,96.1,111.3,96.7,37.16,17.7,0.629
0,68.7,98.1,107.3,96.2,35.86,10.3,0.64
0,69.7,96.4,133.8,59.7,36.6,11.4,0.521
0,68.4,99.0,118.5,63.8,37.34,14.1,0.577
1,95.8,95.2,115.4,65.0,37.79,18.4,0.83
1,99.3,94.2,108.2,65.6,36.62,10.8,0.918
0,69.4,93.2,108.9,79.6,36.35,15.3,0.638
0,65.5,92.2,127.4,69.8,37.02,15.3,0.514
0,85.1,96.3,99.6,98.8,36.05,19.0,0.854
0,69.7,96.8,138.9,97.0,36.68,18.6,0.502
0,87.5,96.0,112.9,75.9,36.79,12.2,0.775
0,81.0,100.0,119.5,97.5,36.78,21.5,0.678
0,55.3,100.0,99.3,92.4,36.86,11.6,0.557
0,101.2,96.7,121.8,71.0,36.22,20.2,0.831
1,104.9,93.2,116.4,53.9,36.29,13.9,0.901
0,68.8,96.1,121.1,73.6,36.28,16.6,0.568
0,72.2,96.1,147.0,68.9,35.67,16.9,0.491
0,82.3,95.9,125.0,78.3,37.04,16.8,0.658
1,83.0,95.8,108.5,77.0,37.43,18.6,0.765
1,87.9,95.9,109.9,76.7,37.36,17.5,0.8
1,108.2,96.6,132.1,81.8,36.62,19.0,0.819
0,75.3,96.0,144.1,62.7,36.23,17.8,0.523
0,66.0,98.0,126.8,80.5,37.32,11.2,0.521
0,57.3,98.4,133.7,71.2,37.25,17.0,0.429
0,67.0,95.3,132.4,78.2,36.95,13.9,0.506
0,77.5,100.0,146.1,86.5,38.02,11.8,0.53
1,104.9,95.1,88.9,62.5,36.78,14.9,1.181
0,70.2,93.6,133.3,72.9,36.62,16.7,0.527
0,81.4,98.4,138.7,74.7,36.52,16.9,0.586
0,77.8,95.5,99.2,70.3,35.71,20.0,0.783
1,95.8,98.3,106.9,85.9,37.26,21.0,0.896
1,115.9,91.7,107.5,68.1,36.73,17.3,1.078
0,70.0,100.0,109.6,69.9,37.16,18.0,0.639
1,70.7,99.1,113.8,68.2,38.09,16.4,0.621
0,93.7,93.9,126.1,88.0,36.53,18.9,0.743
0,88.2,94.0,136.7,70.6,35.16,17.9,0.645
0,105.7,100.0,140.4,81.1,37.14,15.8,0.753
1,86.8,95.7,107.8,97.7,36.92,24.2,0.805
0,72.6,95.5,107.6,75.2,36.29,13.9,0.675
0,86.9,92.1,144.4,88.2,37.08,21.5,0.602
0,94.6,96.7,133.0,94.4,37.35,10.9,0.712
0,90.3,97.0,123.4,87.3,36.14,19.1,0.732
0,85.6,99.2,130.0,75.8,36.59,21.5,0.658
1,94.0,94.1,121.5,83.1,37.83,8.8,0.774
0,95.5,93.9,130.9,61.8,36.29,16.5,0.73
1,98.7,98.6,116.3,67.4,36.85,18.7,0.849
0,87.7,99.9,126.6,69.3,35.0,17.0,0.693
0,75.5,93.7,96.3,100.6,35.76,17.4,0.784
0,80.2,100.0,110.3,67.1,36.91,16.5,0.727
1,96.1,97.6,110.5,66.9,37.66,11.8,0.87
0,65.7,100.0,115.6,64.5,35.85,25.0,0.569
0,83.5,97.3,106.2,82.2,36.85,14.1,0.786
0,72.1,91.4,112.9,77.6,36.54,17.6,0.638
1,78.4,97.1,96.3,88.0,37.47,13.5,0.815
0,97.2,100.0,131.3,83.4,35.95,8.0,0.74
0,80.9,95.4,120.6,60.8,37.1,12.5,0.671
0,78.7,96.6,93.0,67.1,36.34,10.5,0.846
0,57.6,97.1,107.8,91.0,36.96,20.1,0.534
1,89.2,90.5,127.7,73.8,36.85,13.7,0.698
0,87.7,100.0,112.8,89.1,36.62,14.0,0.778
1,110.4,95.3,110.2,74.4,37.13,12.0,1.003
0,73.4,98.7,120.7,65.4,36.83,16.4,0.608
0,81.3,97.3,127.8,72.7,36.71,13.3,0.636
0,81.7,100.0,97.6,65.4,36.55,19.8,0.838
0,101.7,98.5,131.4,69.8,36.85,17.1,0.774
0,76.6,96.9,108.4,78.2,36.96,13.8,0.706
0,82.2,95.4,121.7,81.6,36.11,19.2,0.675
0,87.1,99.4,121.4,58.5,36.56,16.0,0.718
0,80.8,93.0,113.0,75.8,36.06,16.1,0.715
0,71.3,99.1,104.6,69.5,36.77,10.4,0.682
0,80.9,94.9,117.1,68.9,36.39,15.7,0.691
0,94.1,100.0,149.6,77.5,37.34,17.2,0.629
1,62.6,97.9,98.9,69.9,37.27,21.1,0.633
0,80.0,99.0,150.8,91.2,36.15,13.1,0.531
0,67.5,97.7,117.6,89.1,36.8,24.7,0.574
1,95.9,93.3,122.6,89.0,37.25,18.1,0.782
0,55.2,95.4,103.5,70.6,36.68,10.2,0.533
0,69.6,99.1,108.9,65.4,36.29,12.8,0.639
0,83.7,97.9,113.5,76.9,36.04,21.4,0.737
1,101.5,100.0,104.2,74.3,37.4,20.7,0.974
0,77.0,98.5,118.4,69.3,37.43,16.1,0.65
0,69.7,95.2,115.1,63.1,36.65,16.6,0.605
0,106.2,95.6,153.5,75.5,37.34,11.6,0.692
0,56.3,97.7,102.2,71.6,35.0,21.0,0.551
0,45.0,91.9,123.7,83.6,37.73,12.2,0.364
0,84.6,100.0,126.2,83.3,36.69,19.2,0.67
0,70.5,98.6,103.8,88.1,36.9,21.1,0.679
0,62.7,100.0,133.7,62.1,36.58,16.2,0.469
1,88.6,93.7,115.2,80.4,37.78,19.7,0.769
1,81.7,100.0,79.6,68.0,36.06,23.0,1.025
0,69.5,100.0,133.2,62.6,37.83,17.0,0.522
0,58.8,94.3,103.0,71.3,37.08,15.3,0.571
1,91.1,99.4,104.2,87.8,37.24,15.7,0.874
0,87.8,97.5,133.7,71.9,36.57,13.2,0.656
0,76.5,93.8,116.1,93.2,35.88,13.1,0.659
1,105.7,98.7,137.6,82.0,37.45,17.7,0.768
0,61.9,99.5,142.6,71.7,37.02,15.4,0.435
0,55.1,96.1,111.0,88.8,37.75,17.2,0.496
0,67.6,100.0,135.5,80.9,36.66,10.3,0.499
0,77.3,93.5,109.2,65.7,36.51,15.6,0.708
0,81.7,93.9,160.0,96.4,37.77,19.9,0.51
1,74.4,97.8,110.2,78.9,38.14,11.7,0.675
0,83.3,97.6,139.4,76.2,36.81,16.1,0.597
0,59.2,95.8,136.3,66.6,36.27,9.0,0.434
1,99.7,99.4,127.4,89.0,37.37,11.0,0.782
0,76.8,98.8,110.6,81.7,36.62,19.1,0.694
1,94.8,99.6,119.4,82.9,37.22,14.8,0.793
1,83.1,97.2,85.4,70.4,36.62,22.9,0.974
1,84.9,98.9,125.8,85.2,37.89,17.6,0.674
0,86.5,96.4,127.9,86.0,36.31,18.0,0.676
0,84.7,100.0,124.3,68.6,37.14,11.9,0.682
1,87.6,95.5,71.5,60.4,36.46,14.5,1.227
1,97.9,100.0,100.5,82.4,36.6,13.2,0.975
0,80.9,97.6,109.3,58.7,36.51,12.0,0.741
1,88.6,94.2,127.0,77.7,37.32,18.5,0.698
0,76.7,100.0,126.9,71.1,37.44,19.3,0.604
1,99.6,97.8,119.1,89.4,37.19,17.5,0.836
0,67.9,99.5,132.8,71.7,36.72,12.9,0.511
1,105.0,100.0,104.6,88.2,36.9,17.3,1.004
0,77.4,98.3,132.4,70.3,37.43,8.7,0.585
0,56.5,96.1,130.1,87.0,37.45,21.0,0.435
0,79.9,99.8,128.4,98.7,35.0,11.1,0.622
0,67.8,97.5,118.9,64.3,36.61,11.7,0.57
0,90.6,99.1,153.1,79.2,36.64,16.4,0.592
0,68.2,92.3,130.4,106.2,37.27,16.8,0.523
0,71.3,98.6,105.5,76.7,36.75,15.7,0.676
0,49.7,96.0,126.2,76.7,37.3,11.8,0.393
0,71.2,100.0,134.8,84.7,36.04,20.3,0.528
0,45.0,99.0,112.0,76.5,36.98,9.6,0.402
0,54.2,98.1,140.5,57.2,37.43,10.4,0.386
0,89.4,98.7,128.5,88.5,35.77,15.6,0.696
1,89.8,95.1,82.2,54.0,38.56,11.2,1.093
1,84.4,100.0,127.1,71.4,37.63,20.6,0.664
0,63.5,100.0,115.1,89.3,36.8,11.5,0.552
0,77.3,98.4,131.1,72.1,36.22,21.9,0.589
0,77.9,100.0,138.1,68.4,36.68,19.9,0.565
0,60.6,96.1,125.3,85.7,36.86,20.7,0.484
1,100.6,95.6,150.3,66.6,37.11,23.2,0.669
1,91.2,97.6,119.0,62.6,37.85,16.3,0.766
0,74.7,98.5,132.6,79.0,36.47,12.2,0.563
0,78.4,96.6,135.7,74.0,37.19,15.6,0.578
0,81.1,98.8,120.3,62.3,35.9,13.8,0.674
0,47.4,98.2,135.2,83.0,36.51,13.3,0.35
0,74.3,95.1,111.9,81.1,37.06,16.6,0.664
0,67.8,98.7,114.8,72.0,37.28,14.8,0.59
0,63.0,99.6,99.7,72.8,36.27,13.1,0.632
0,73.8,97.9,126.1,81.2,36.49,15.1,0.585
1,105.0,100.0,127.5,89.1,37.82,18.1,0.823
1,87.6,94.6,142.0,72.9,37.61,19.6,0.617
0,69.4,98.6,135.4,83.2,36.95,9.9,0.513
0,86.6,94.7,117.2,82.2,35.23,14.8,0.739
1,99.0,94.8,102.0,85.7,38.56,15.5,0.971
0,91.9,96.0,129.4,76.4,36.79,11.5,0.71
0,78.9,95.2,140.9,66.0,36.58,15.5,0.56
0,68.3,96.2,134.8,70.9,36.43,16.6,0.507
0,88.5,97.0,140.4,79.8,37.06,18.0,0.63
0,83.9,99.5,118.4,96.0,37.07,16.3,0.709
1,91.4,96.7,114.1,70.7,37.47,12.7,0.802
1,87.5,93.7,109.5,84.9,36.15,23.6,0.8
0,93.7,100.0,121.0,72.4,36.58,19.2,0.774
1,70.0,95.5,120.7,77.2,38.22,18.1,0.58
1,97.8,97.4,125.5,92.7,36.96,19.8,0.779
0,81.0,98.6,119.8,84.4,36.68,16.9,0.676
1,109.1,98.0,119.7,62.3,36.14,20.9,0.911
0,67.7,100.0,108.8,69.7,37.15,16.2,0.622
1,104.0,98.6,138.0,89.8,37.52,16.0,0.754
1,81.0,95.4,123.3,77.6,37.41,18.4,0.657
0,68.2,100.0,119.0,63.4,36.62,22.0,0.573
0,70.7,98.0,109.3,67.0,37.05,21.7,0.647
1,73.2,97.1,99.4,83.7,37.97,18.3,0.737
0,84.4,99.8,144.2,86.9,37.55,18.0,0.585
0,85.8,98.1,131.4,76.2,36.25,18.6,0.653
0,69.4,98.5,94.4,103.2,35.02,19.7,0.735
0,77.6,100.0,135.0,85.1,37.01,20.9,0.575
1,110.1,96.8,137.7,73.3,37.36,15.1,0.8
0,103.9,96.7,124.1,67.0,36.04,21.0,0.837
0,84.5,97.8,149.2,65.3,36.79,17.3,0.567
0,78.6,100.0,125.7,79.7,36.62,18.5,0.625
1,79.8,93.9,97.9,70.6,36.87,21.3,0.815
0,87.2,92.8,128.2,94.4,36.42,18.8,0.68
0,62.7,96.1,126.2,92.1,37.7,19.5,0.497
0,74.1,93.6,111.7,83.0,36.9,14.5,0.663
0,53.0,96.5,131.8,63.0,36.18,21.7,0.402
1,84.0,98.7,93.6,68.6,37.44,18.6,0.897
0,87.7,95.4,138.8,89.8,35.92,16.5,0.632
1,70.8,94.1,107.1,69.8,37.7,20.2,0.661
1,101.6,97.7,105.3,88.3,37.49,25.8,0.965
0,59.6,99.6,120.1,81.2,37.77,11.6,0.497
0,56.0,93.4,129.4,76.6,36.69,12.9,0.433
0,81.4,99.5,124.8,68.3,36.45,26.2,0.652
1,93.7,99.5,109.4,75.0,36.86,17.6,0.857
1,103.3,99.8,113.4,78.1,36.74,16.7,0.911
0,71.1,100.0,102.7,87.4,36.34,15.6,0.692
0,94.2,100.0,118.2,66.3,36.41,20.6,0.797
0,77.4,96.6,140.3,73.1,36.54,25.9,0.552
0,75.4,97.8,121.9,76.5,35.98,13.5,0.618
0,91.3,96.5,136.6,83.3,37.27,15.6,0.668
0,87.8,97.5,146.7,66.0,36.76,14.7,0.598
0,54.4,100.0,112.0,61.5,36.58,18.8,0.485
1,100.1,94.3,118.8,83.4,36.02,20.6,0.843
0,98.7,95.4,158.9,59.3,35.99,22.2,0.621
0,68.6,100.0,146.6,90.1,38.16,18.9,0.468
1,83.9,99.9,93.6,74.3,36.36,25.6,0.897
0,85.4,96.6,128.6,59.0,37.23,13.8,0.664
0,81.9,99.6,122.0,70.7,36.91,12.8,0.671
0,69.7,98.3,136.0,80.2,35.0,21.6,0.513
1,67.9,100.0,109.3,70.1,38.05,16.5,0.621
0,77.6,97.7,107.7,76.2,37.28,10.8,0.72
0,95.6,100.0,110.5,84.1,36.26,14.8,0.865
0,86.2,100.0,112.3,73.8,36.78,17.0,0.767
0,72.4,98.9,135.9,65.7,36.0,13.5,0.533
1,89.6,97.6,101.9,72.7,38.08,12.1,0.879
0,45.0,99.2,111.4,91.6,36.16,15.2,0.404
1,95.2,96.6,91.6,94.5,36.43,12.0,1.04
0,51.9,100.0,139.1,53.8,36.29,18.4,0.373
0,72.6,97.9,143.6,88.0,36.86,8.6,0.505
0,61.2,96.8,116.4,78.8,37.76,16.3,0.526
1,58.6,95.5,116.9,86.2,38.05,18.0,0.501
0,95.4,100.0,129.7,69.9,36.52,15.7,0.736
0,71.0,99.6,147.1,56.5,37.06,20.2,0.483
0,83.2,96.3,128.9,82.4,36.86,10.8,0.645
0,77.3,98.9,110.1,65.6,36.11,13.3,0.702
1,85.2,93.9,94.5,60.7,38.5,14.7,0.901
1,79.2,97.9,103.0,61.5,37.75,18.7,0.768
0,58.8,98.6,123.2,82.6,36.93,16.8,0.477
1,92.9,100.0,110.9,77.5,37.91,24.1,0.838
0,70.6,95.7,125.3,84.6,37.65,12.9,0.563
0,54.7,94.4,112.6,83.4,36.86,10.7,0.485
1,71.6,95.4,104.0,71.4,37.03,22.8,0.688
1,100.5,94.3,102.0,75.2,37.86,10.6,0.985
0,90.8,100.0,148.6,70.4,36.14,18.6,0.611
0,72.8,100.0,137.1,73.7,37.97,12.3,0.531
0,72.8,98.3,151.4,65.4,36.64,8.1,0.481
0,73.2,100.0,131.2,80.3,37.87,14.6,0.558
1,109.2,97.8,114.7,87.8,36.8,19.4,0.952
0,83.7,97.3,144.5,67.0,37.04,11.4,0.579
0,84.5,96.7,121.4,90.1,36.78,18.2,0.695
0,93.5,96.8,125.8,77.2,36.43,18.9,0.743
0,81.6,93.8,121.3,78.7,36.61,11.2,0.673
1,74.1,98.1,71.9,57.3,37.77,15.1,1.031
0,75.1,97.4,149.3,56.1,35.18,22.0,0.503
0,76.9,99.3,130.3,77.6,35.93,18.5,0.59
0,77.4,97.7,127.6,84.7,36.29,15.0,0.607
0,88.9,97.1,120.9,68.6,36.05,17.6,0.735
1,78.8,95.4,124.8,94.4,37.86,13.4,0.631
1,89.0,97.7,111.8,84.1,37.68,20.2,0.796
0,76.8,99.3,132.5,66.0,37.21,20.2,0.58
0,79.2,94.8,99.8,76.3,36.35,16.5,0.794
0,48.0,97.7,125.2,103.2,37.73,16.9,0.384
0,91.7,98.1,131.5,62.3,35.69,12.2,0.697
1,83.2,95.8,118.6,81.8,38.3,10.9,0.701
0,93.0,96.1,128.3,72.4,36.32,14.6,0.725
0,45.0,98.1,105.1,83.8,36.62,15.7,0.428
1,109.3,94.8,105.6,89.9,36.5,20.0,1.035
0,75.9,98.3,126.0,71.8,36.05,19.5,0.602
1,94.6,95.4,133.5,88.3,38.15,16.7,0.709
1,62.4,100.0,90.1,100.4,37.35,20.5,0.692
0,87.2,100.0,130.9,76.7,37.65,12.4,0.666
0,62.2,95.4,112.8,84.6,35.94,20.1,0.552
0,68.6,98.8,118.7,69.5,36.93,13.0,0.578
1,106.7,95.8,99.2,76.2,37.16,20.7,1.075
0,75.1,100.0,107.5,74.1,36.99,15.9,0.699
0,81.3,94.5,138.4,84.8,35.99,8.4,0.587
1,91.1,98.7,122.6,89.3,37.55,18.8,0.743
1,85.4,95.4,115.5,74.8,36.89,19.1,0.74
0,80.3,97.0,120.0,92.9,36.13,14.3,0.669
0,83.5,95.0,130.3,92.8,35.5,14.6,0.641
1,114.1,99.5,129.5,85.3,37.22,15.4,0.881
1,77.1,95.5,120.7,70.3,38.52,8.7,0.639
0,81.0,98.8,140.6,69.3,36.09,8.0,0.576
0,93.8,96.7,138.5,67.1,36.92,20.9,0.677
1,94.6,97.2,129.0,86.4,37.58,12.9,0.733
0,95.8,97.9,122.9,62.7,35.91,23.1,0.779
0,87.6,95.7,133.2,83.4,36.46,21.2,0.658
0,60.9,98.0,127.3,64.1,36.2,22.0,0.478
1,102.5,100.0,140.0,85.1,37.49,13.5,0.732
0,60.8,95.6,137.3,76.2,37.73,9.9,0.443
0,82.5,100.0,104.7,90.7,36.91,11.9,0.788
0,66.7,100.0,103.5,88.6,36.21,14.3,0.644
0,77.0,95.5,110.1,91.8,36.49,8.0,0.7
0,82.9,94.0,138.6,92.1,36.36,14.2,0.598
0,82.8,98.2,95.2,77.6,36.12,15.2,0.87
0,84.3,96.2,128.7,63.3,36.73,11.1,0.655
1,102.2,100.0,128.2,64.4,37.2,12.0,0.797
0,84.8,97.6,141.8,53.0,37.14,15.2,0.598
0,74.3,95.6,125.1,64.1,36.79,17.4,0.594
1,92.5,94.7,99.2,76.8,36.84,12.6,0.932
1,95.8,100.0,105.7,69.8,36.74,17.1,0.907
0,59.6,96.1,101.9,74.0,35.89,16.5,0.585
1,87.0,97.6,112.9,81.4,36.91,16.2,0.771
0,88.5,99.8,118.9,72.7,36.39,13.5,0.745
0,73.5,96.3,102.2,63.7,35.86,10.9,0.72
0,98.6,97.4,147.0,75.4,37.06,22.4,0.671
0,75.7,97.5,99.5,66.1,36.37,18.4,0.762
0,79.9,99.1,144.9,73.0,36.96,19.8,0.551
0,75.4,98.9,142.1,90.8,37.39,15.7,0.53
0,78.2,97.0,137.3,73.0,36.13,15.4,0.57
0,61.6,97.7,110.2,95.5,36.86,17.9,0.559
0,56.4,96.6,127.8,91.7,35.53,9.0,0.441
1,101.9,94.0,100.3,69.6,37.87,11.8,1.016
0,65.3,98.1,137.5,63.8,35.85,13.0,0.475
0,63.1,100.0,120.7,75.4,36.44,14.3,0.523
0,45.7,95.4,115.0,88.7,37.74,12.7,0.397
0,68.4,95.6,101.2,70.6,36.64,17.3,0.676
0,58.2,95.4,79.9,86.0,35.96,16.3,0.728
1,102.6,99.2,104.3,89.3,37.3,21.3,0.984
1,93.1,98.6,140.9,67.5,37.28,25.4,0.661
0,67.7,97.1,115.2,68.6,36.36,11.2,0.588
1,111.8,95.3,119.1,83.8,36.43,16.6,0.938
0,92.7,97.7,133.1,77.7,36.5,16.6,0.696
0,73.1,93.7,152.7,68.5,36.66,15.9,0.479
0,45.0,97.8,144.5,72.1,35.47,11.9,0.311
1,112.4,99.6,105.5,75.2,36.67,12.5,1.065
1,57.2,94.5,89.0,58.8,38.05,16.9,0.642
0,53.3,93.8,162.1,84.4,36.17,12.4,0.329
0,93.3,100.0,160.6,70.7,36.39,16.6,0.581
0,114.6,96.0,125.2,45.4,35.97,15.1,0.915
1,98.8,100.0,100.4,75.7,37.23,16.5,0.984
0,86.5,97.1,138.4,67.8,37.64,12.4,0.625
1,86.9,97.1,120.2,94.6,37.63,16.6,0.723
0,90.8,98.6,120.1,69.6,35.93,12.7,0.756
0,89.4,95.4,137.2,63.9,37.15,16.6,0.651
1,82.2,97.8,127.7,81.6,37.8,21.1,0.644
1,79.6,96.6,101.8,68.7,37.16,17.0,0.781
1,77.1,94.3,116.5,67.4,37.13,17.2,0.662
0,66.7,98.3,133.2,81.6,36.47,19.1,0.501
0,73.8,96.9,130.7,64.6,36.95,10.7,0.565
0,52.6,97.1,126.5,60.0,37.67,22.5,0.416
0,76.5,94.6,137.9,95.0,37.03,12.0,0.555
0,63.2,100.0,115.9,82.4,35.93,19.3,0.545
0,61.4,99.6,125.0,73.1,36.48,18.8,0.491
1,80.7,99.8,65.0,76.0,37.65,12.6,1.242
1,98.9,96.8,114.4,81.6,37.03,19.8,0.865
0,91.8,93.3,135.0,86.7,36.88,17.9,0.68
0,54.4,100.0,115.4,67.7,36.41,23.2,0.472
0,63.2,97.4,114.1,80.0,37.63,16.7,0.554
1,92.1,95.7,104.3,70.4,37.96,15.6,0.883
0,63.3,98.5,139.1,73.9,37.68,14.0,0.455
0,74.6,100.0,131.3,77.8,37.81,9.4,0.568
0,86.3,97.4,136.0,75.9,36.55,14.8,0.634
0,63.5,100.0,92.7,84.1,36.45,15.0,0.685
0,79.6,100.0,119.3,81.4,36.69,17.0,0.667
0,58.0,94.9,117.2,59.4,36.83,10.6,0.495
1,69.0,95.9,117.2,61.1,37.8,15.1,0.588
1,82.8,99.8,111.5,71.9,37.62,18.2,0.742
0,54.1,91.0,116.1,96.1,37.18,18.6,0.466
0,84.6,97.1,136.4,66.6,35.8,8.9,0.62
0,77.7,94.1,89.5,73.7,35.62,18.7,0.868
0,86.3,96.4,152.2,70.1,36.97,15.1,0.567
0,81.4,96.8,130.2,69.9,37.42,15.3,0.625
0,98.5,96.6,121.3,78.0,36.74,8.0,0.812
1,79.9,96.2,137.4,91.4,38.14,21.7,0.581
0,71.6,94.9,97.3,81.0,36.04,16.7,0.735
0,79.8,100.0,110.7,67.2,35.95,10.2,0.721
0,86.1,100.0,119.9,106.3,36.34,17.4,0.718
0,78.7,94.7,145.2,76.9,36.31,17.3,0.542
0,78.6,100.0,121.2,69.7,37.17,20.6,0.649
0,67.5,96.5,129.7,91.5,36.5,14.8,0.52
0,68.1,97.8,112.0,70.8,35.72,16.0,0.608
0,57.0,97.3,130.3,94.3,37.42,13.6,0.437
0,104.2,95.9,150.5,66.4,35.57,18.3,0.693
0,59.3,99.9,138.9,91.7,36.05,13.0,0.427
0,67.6,97.8,120.6,78.2,35.66,12.6,0.561
0,67.2,96.4,133.5,90.2,36.94,15.7,0.504
0,91.4,94.4,131.8,96.9,36.93,11.3,0.694
1,73.6,95.4,130.6,63.5,38.14,22.1,0.563
1,96.7,93.6,140.9,90.0,37.44,23.3,0.686
0,67.9,97.5,140.8,60.5,37.81,14.3,0.482
0,82.2,94.6,119.8,64.5,37.0,10.7,0.686
0,65.5,96.9,132.9,67.2,36.12,17.3,0.493
1,110.2,100.0,115.5,81.5,36.89,14.2,0.954
0,60.2,100.0,106.3,76.4,37.21,20.5,0.566
0,82.6,97.4,117.4,74.2,37.29,13.0,0.704
0,87.5,97.3,120.7,77.6,36.47,18.1,0.725
1,84.2,100.0,93.8,82.5,37.14,16.4,0.898
0,75.2,98.7,136.6,83.4,36.15,13.4,0.551
1,76.1,96.7,75.0,88.0,36.07,16.9,1.015
0,78.7,94.1,168.2,96.0,36.02,19.3,0.468
0,75.8,98.4,147.5,75.8,36.82,16.3,0.514
0,92.5,99.5,117.6,70.3,35.98,16.4,0.786
1,111.2,96.0,122.2,82.7,36.5,12.7,0.91
0,69.6,98.2,127.2,63.4,37.43,20.3,0.548
0,57.5,96.6,112.0,68.5,36.08,20.0,0.513
0,76.7,97.1,125.3,87.0,36.45,14.4,0.612
1,116.7,91.5,119.6,74.6,36.85,15.5,0.976
0,65.9,97.0,120.4,62.7,36.97,21.4,0.548
0,102.6,99.8,125.1,59.6,36.45,11.7,0.82
1,103.2,96.0,99.7,76.5,37.35,18.3,1.035
0,69.7,97.6,122.7,88.6,37.21,13.9,0.568
1,86.5,95.7,124.8,88.4,37.6,22.8,0.694
1,102.4,98.4,124.2,77.2,36.74,16.2,0.825
0,72.3,97.0,118.3,98.1,36.44,20.8,0.611
0,74.9,95.2,141.3,74.8,36.32,13.1,0.53
0,69.3,100.0,116.0,74.5,37.01,11.3,0.597
0,62.8,99.7,125.9,47.8,36.54,15.1,0.499
0,68.3,96.0,144.1,71.1,36.4,17.0,0.474
0,59.6,98.7,120.7,85.4,36.49,14.1,0.494
0,78.5,98.8,125.6,93.2,36.32,18.9,0.625
0,66.5,99.0,120.4,66.9,36.94,15.2,0.552
0,81.5,93.4,143.0,81.1,35.81,8.1,0.57
0,54.7,99.9,117.6,87.5,37.01,18.1,0.465
0,83.0,96.1,143.8,76.1,37.27,12.6,0.577
0,90.5,96.6,120.2,50.9,36.39,14.6,0.753
0,48.1,100.0,107.4,78.7,38.15,21.9,0.448
0,83.6,98.2,133.5,84.4,36.81,22.7,0.626
0,96.4,96.6,116.8,65.6,35.71,13.8,0.825
0,59.9,92.2,132.5,73.2,36.6,18.2,0.452
1,103.1,100.0,75.6,63.3,36.84,13.9,1.364
1,84.3,94.3,122.1,47.7,37.11,14.9,0.69
0,67.4,95.1,114.2,87.3,36.62,13.7,0.59
0,77.2,96.7,103.9,76.0,36.09,9.4,0.742
0,86.4,100.0,112.6,93.6,36.03,16.4,0.767
0,79.1,99.4,112.2,85.4,36.34,17.1,0.705
0,86.1,97.1,121.2,72.1,36.41,13.5,0.71
0,64.2,98.2,98.8,75.1,36.01,20.1,0.65
0,80.5,96.1,127.4,82.2,36.29,14.3,0.632
0,56.8,97.8,145.2,86.6,37.26,13.6,0.391
1,76.3,97.7,126.8,79.5,37.95,18.0,0.602
0,64.4,99.8,135.8,88.2,37.33,10.1,0.475
0,67.0,99.8,140.6,72.7,37.71,19.4,0.476
0,96.5,98.7,143.0,65.0,37.48,14.5,0.675
0,94.4,96.6,153.8,75.3,37.38,19.8,0.614
0,87.1,99.3,113.5,78.3,36.56,20.9,0.768
0,61.6,97.3,109.8,62.8,36.9,18.4,0.561
0,73.3,94.9,135.3,61.3,36.51,12.9,0.541
0,96.2,96.5,134.0,80.9,36.65,11.2,0.718
0,80.1,97.7,135.2,71.5,36.85,10.6,0.593
1,112.8,99.7,154.1,74.2,37.3,20.2,0.732
0,83.9,97.1,122.2,72.0,37.1,15.5,0.687
0,80.9,94.6,129.2,92.7,36.69,13.7,0.626
0,73.4,97.6,105.3,89.9,36.84,15.5,0.696
0,80.0,97.8,158.3,62.4,37.1,20.1,0.505
0,75.7,97.9,116.3,70.1,37.27,19.0,0.651
0,88.6,99.7,116.8,85.4,35.74,17.7,0.759
0,92.4,99.9,116.1,82.6,36.05,18.4,0.795
1,66.2,96.1,111.0,75.5,37.58,16.7,0.596
0,58.0,96.0,109.6,63.5,36.76,17.1,0.529
0,50.5,95.0,113.1,68.5,36.5,16.8,0.446
1,85.6,99.2,98.8,70.3,36.62,16.0,0.867
0,61.4,100.0,108.6,79.0,36.62,18.9,0.566
0,45.7,96.7,155.1,94.7,37.19,17.4,0.295
0,83.8,96.9,134.5,68.4,36.02,12.7,0.623
1,115.4,100.0,137.7,64.7,36.82,18.0,0.838
0,77.9,98.7,142.0,74.8,36.97,16.9,0.549
0,90.6,98.5,153.2,87.3,37.08,18.3,0.591
1,79.2,94.6,91.9,60.1,36.96,15.6,0.862
1,76.5,99.1,101.1,92.0,37.16,19.1,0.757
1,91.8,95.3,108.3,74.1,36.4,15.8,0.847
0,73.6,94.8,114.0,67.9,36.14,18.8,0.646
1,82.0,96.7,116.9,58.4,38.52,14.3,0.702
0,82.8,96.1,114.4,83.8,36.59,14.5,0.724
0,68.0,97.0,125.7,74.1,36.67,18.3,0.541
1,92.9,94.0,122.6,77.9,37.27,14.7,0.758
1,75.4,99.8,109.7,66.1,37.92,24.4,0.687
0,66.7,100.0,85.0,72.5,36.42,18.2,0.784
0,86.0,92.8,105.1,70.6,36.1,16.1,0.819
0,64.5,99.8,112.7,74.9,35.93,19.1,0.573
1,78.4,95.6,117.8,68.6,37.92,14.2,0.666
0,77.9,99.6,102.8,59.1,36.07,19.5,0.757
1,94.3,97.3,113.7,106.0,36.78,19.4,0.83
0,85.1,97.6,102.8,61.0,36.12,20.8,0.828
0,77.6,97.1,119.9,78.0,35.79,14.3,0.648
0,90.3,100.0,103.8,56.5,36.6,11.4,0.87
1,98.9,94.5,107.6,54.0,36.14,13.7,0.919
0,86.4,99.0,99.8,77.1,36.32,14.9,0.866
1,78.2,100.0,119.4,77.9,38.2,22.3,0.655
0,58.3,99.2,107.3,89.9,37.1,24.3,0.544
0,62.0,100.0,137.4,80.4,37.45,17.3,0.451
0,73.4,96.2,128.9,74.4,37.38,16.0,0.57
0,68.9,99.8,120.8,65.6,36.73,14.7,0.57
0,75.2,97.2,108.4,92.5,36.49,19.1,0.693
0,78.8,100.0,128.5,86.2,36.97,24.3,0.614
0,85.9,97.5,133.7,62.3,36.92,22.8,0.643
0,76.9,96.6,124.4,76.4,36.4,20.3,0.618
0,85.3,100.0,149.3,77.6,36.89,20.3,0.571
0,79.0,96.3,129.8,72.2,36.31,19.2,0.608
0,48.4,94.1,137.5,84.5,36.68,15.8,0.352
0,63.9,96.3,124.3,85.1,36.57,13.2,0.514
0,75.8,99.0,133.5,73.9,35.91,15.9,0.568
0,59.9,100.0,108.5,72.9,35.15,17.6,0.552
0,87.0,97.8,114.2,92.5,36.14,10.5,0.762
1,101.0,100.0,127.9,86.3,38.06,15.4,0.789
0,96.3,94.2,127.8,76.8,36.58,12.9,0.753
0,74.8,96.4,130.6,58.1,37.34,19.9,0.573
0,100.4,96.8,140.7,79.8,35.31,13.9,0.713
0,80.2,97.2,97.8,83.7,36.09,17.2,0.821
0,72.9,97.7,105.4,45.7,35.85,13.3,0.692
0,68.8,99.2,125.9,78.8,36.66,22.1,0.546
1,73.5,96.4,109.7,71.4,38.5,9.5,0.67
0,72.2,97.8,179.4,73.6,37.12,17.8,0.402
1,80.6,97.4,130.8,66.0,37.99,11.1,0.616
0,80.4,95.3,120.7,74.4,36.62,14.1,0.666
1,78.0,97.2,113.2,91.3,37.76,16.8,0.689
1,84.6,97.2,113.8,71.1,38.25,17.0,0.743
0,95.9,97.1,122.5,86.6,36.72,16.9,0.782
0,92.2,97.6,123.9,67.1,36.42,16.6,0.744
0,55.7,97.7,114.2,84.3,35.88,13.6,0.488
0,45.0,96.5,117.4,76.0,36.58,15.4,0.383
0,92.0,100.0,144.9,79.9,36.86,16.1,0.635
0,57.5,94.7,145.5,76.1,38.22,16.7,0.395
0,74.6,95.8,126.3,83.1,35.89,15.8,0.591
0,60.4,100.0,99.2,47.8,36.84,18.8,0.609
0,51.0,95.0,131.2,60.4,35.53,16.4,0.389
0,86.1,94.3,148.4,80.6,36.5,16.8,0.58
0,89.4,99.3,145.3,53.5,37.02,14.5,0.615
0,69.4,92.5,134.5,70.2,37.16,12.0,0.516
0,45.0,96.9,146.2,75.4,37.21,16.6,0.308
0,69.8,100.0,122.9,66.9,37.08,20.6,0.568
0,83.9,93.8,132.7,68.4,37.21,17.7,0.632
0,55.8,92.7,110.4,79.0,36.83,12.9,0.505
0,80.8,93.9,127.0,87.1,36.07,19.1,0.636
0,77.8,99.7,144.6,65.5,35.5,14.7,0.538
0,86.7,100.0,112.0,69.7,36.42,18.7,0.774
0,79.8,96.3,107.4,68.0,36.71,14.6,0.743
0,63.4,99.1,123.7,49.4,37.68,17.3,0.513
0,95.9,100.0,118.1,77.6,36.73,14.0,0.812
0,75.6,100.0,133.0,86.3,36.66,14.1,0.568
0,77.6,96.9,114.3,87.2,37.07,10.0,0.679
0,64.0,92.0,151.2,66.4,36.61,17.9,0.423
1,71.4,95.5,100.1,62.2,37.37,17.4,0.713
0,64.7,96.5,143.3,76.2,38.19,17.6,0.452
1,75.4,96.9,109.0,85.1,38.33,17.0,0.692
1,103.7,97.0,91.5,77.7,36.87,13.1,1.133
0,57.4,100.0,126.0,79.2,37.04,19.7,0.456
0,53.8,100.0,117.7,88.6,37.91,19.8,0.457
1,100.1,97.1,103.1,67.9,36.7,13.0,0.97
1,74.9,100.0,93.4,73.6,37.28,18.0,0.801
0,68.0,98.4,121.9,94.0,36.01,19.3,0.558
0,93.6,97.7,138.6,73.8,36.58,14.2,0.675
0,68.9,99.7,131.9,62.1,37.61,14.9,0.522
0,105.4,97.7,123.0,68.6,36.3,18.0,0.857
0,88.2,100.0,130.1,65.7,36.71,10.3,0.677
0,70.7,94.0,121.5,79.9,35.7,11.9,0.582
1,110.4,96.3,97.7,66.1,38.2,12.2,1.13
1,68.9,97.2,97.8,79.0,37.68,9.2,0.704
1,89.1,98.6,118.5,67.9,36.93,20.1,0.752
0,82.5,100.0,119.3,52.6,37.16,8.4,0.692
0,97.5,97.4,136.5,79.4,37.08,17.3,0.715
1,101.4,94.1,134.9,77.6,37.77,19.1,0.752
0,78.5,99.5,132.3,81.7,36.44,14.9,0.593
0,66.7,99.3,117.2,68.6,37.31,13.5,0.569
1,84.9,92.8,98.5,67.4,37.55,16.9,0.862
0,67.8,97.5,129.0,80.4,37.65,16.0,0.526
0,108.2,93.7,130.9,92.7,35.22,19.8,0.826
1,80.0,95.9,81.4,76.1,36.38,8.0,0.983
0,72.5,95.3,107.8,80.7,36.09,12.5,0.673
0,80.8,99.4,110.3,72.5,36.9,18.1,0.733
0,57.8,97.8,124.0,59.0,35.39,16.2,0.466
0,63.4,94.4,108.3,86.6,35.37,18.9,0.585
1,96.0,99.6,121.4,86.0,38.32,17.0,0.791
0,68.1,94.1,118.4,83.8,37.23,15.5,0.575
0,62.3,98.3,119.3,74.0,36.88,14.9,0.522
1,86.0,95.5,109.8,82.6,37.05,24.8,0.784
1,95.8,96.6,111.1,85.8,36.9,21.8,0.862
1,88.8,98.7,103.6,93.8,37.5,17.9,0.857
0,92.9,98.8,128.5,86.9,36.36,16.3,0.723
0,66.6,100.0,131.7,76.7,36.93,18.0,0.506
0,56.7,97.3,108.9,61.6,36.96,19.1,0.52
0,100.5,98.2,147.9,77.7,36.07,17.6,0.68
1,73.2,96.4,116.7,78.8,37.69,13.1,0.627
0,74.2,97.9,148.0,83.8,36.49,22.8,0.502
1,97.9,98.6,111.1,90.9,37.51,16.9,0.882
1,86.3,97.3,87.5,75.0,36.88,23.7,0.986
1,84.8,93.2,128.8,99.1,37.94,16.7,0.658
0,110.5,98.3,126.2,56.6,36.07,15.1,0.875
0,68.3,98.4,122.6,80.6,36.04,21.3,0.558
0,91.9,95.9,111.1,67.2,36.17,17.1,0.827
0,78.9,94.4,121.4,55.0,36.89,16.5,0.649
1,82.0,100.0,113.3,73.8,37.88,11.4,0.724
1,100.9,98.7,116.9,60.0,37.92,18.5,0.864
0,85.6,97.0,136.3,74.2,35.18,14.1,0.628
0,86.1,94.8,125.1,76.4,36.97,14.3,0.688
0,94.1,95.5,132.4,88.3,35.0,14.1,0.711
0,72.5,100.0,118.1,59.4,37.36,17.7,0.614
0,65.4,97.8,116.2,86.0,37.58,10.2,0.563
0,62.3,96.2,102.4,77.1,36.77,15.2,0.609
0,48.5,98.7,115.7,87.3,36.86,19.7,0.419
1,108.8,95.5,65.5,71.3,36.85,11.3,1.661
0,61.5,100.0,112.0,61.3,36.25,16.7,0.549
0,74.7,100.0,120.6,62.6,37.1,13.6,0.619
0,73.8,96.4,131.6,61.8,36.64,14.5,0.561
1,82.6,96.0,117.4,81.3,37.45,22.3,0.703
0,90.2,91.2,127.9,92.2,36.72,9.7,0.705
1,90.9,93.9,84.9,69.8,36.2,18.9,1.07
0,69.3,94.3,121.0,82.9,35.72,14.2,0.572
0,75.5,97.8,93.4,59.2,35.5,14.0,0.808
1,82.2,96.7,101.5,78.0,37.72,11.8,0.811
0,74.3,94.3,118.8,83.4,36.48,18.9,0.625
0,102.1,96.8,143.7,60.1,37.04,15.3,0.711
1,85.4,98.7,128.3,73.8,38.05,14.8,0.665
0,89.0,98.8,122.3,83.9,36.41,16.4,0.728
0,87.9,92.9,121.7,43.7,36.36,15.4,0.723
0,95.6,97.2,109.9,90.7,36.71,8.4,0.87
0,80.7,94.2,112.8,79.9,36.82,14.1,0.716
0,58.5,99.7,129.3,83.9,38.12,19.4,0.453
1,84.0,99.4,98.4,71.5,37.9,10.3,0.853
0,68.2,95.3,132.1,57.1,37.23,11.9,0.517
1,70.1,95.7,115.4,81.9,37.81,14.4,0.607
0,86.8,96.4,136.0,75.1,36.68,13.2,0.638
1,96.6,92.1,138.3,76.4,37.01,15.9,0.698
0,78.3,98.3,93.6,88.0,36.59,11.8,0.837
0,82.6,96.8,112.1,84.4,35.9,14.5,0.737
1,103.5,99.8,107.5,97.1,37.64,15.8,0.963
1,81.6,94.9,91.2,77.7,37.17,18.5,0.895
1,117.0,96.0,104.4,68.4,36.81,20.7,1.12
0,86.5,93.9,163.5,73.9,36.8,15.0,0.529
0,51.6,95.1,132.4,80.6,35.75,23.2,0.39
0,89.3,94.7,154.6,87.2,36.12,15.3,0.578
0,83.7,99.9,136.1,59.9,37.04,19.1,0.615
1,97.3,95.8,109.4,76.1,36.43,23.3,0.89
0,88.1,97.8,115.5,93.7,36.65,16.5,0.763
0,75.9,96.6,132.0,73.4,36.73,10.8,0.575
0,59.6,94.5,129.4,86.2,36.32,16.3,0.461
0,74.9,97.1,112.2,81.4,36.12,13.7,0.667
0,65.2,98.9,96.3,86.5,35.67,15.0,0.677
0,69.3,94.6,177.9,67.1,36.7,23.5,0.39
0,86.8,99.4,119.6,67.1,37.23,11.4,0.726
0,103.0,95.5,116.5,76.2,35.65,17.1,0.885
0,83.9,96.3,123.9,59.1,36.78,12.7,0.677
0,60.1,98.8,117.9,73.0,37.0,14.8,0.51
0,84.7,95.9,124.1,78.8,36.11,18.8,0.682
1,95.9,97.6,143.9,95.6,37.8,17.2,0.667
0,68.9,96.7,119.9,80.4,36.53,15.1,0.574
0,76.0,97.8,102.2,82.9,36.73,13.5,0.743
0,78.2,91.8,119.3,88.8,36.69,17.2,0.656
0,66.2,93.1,114.1,65.4,35.56,22.5,0.58
0,87.7,99.0,146.2,74.2,37.51,12.6,0.6
0,76.2,100.0,141.9,102.7,36.13,23.3,0.537
0,84.3,95.3,123.8,75.1,36.63,20.6,0.681
1,64.7,96.9,100.3,88.3,37.22,21.2,0.645
1,71.4,98.2,101.2,86.6,37.82,17.2,0.706
0,88.8,99.2,122.3,59.7,36.04,20.5,0.727
0,72.4,92.6,127.7,79.4,36.49,12.2,0.567
1,103.9,95.4,115.6,77.6,37.77,13.5,0.899
0,72.0,96.7,113.8,79.6,37.12,18.9,0.633
1,81.4,99.2,111.9,67.7,37.27,17.1,0.727
0,92.0,100.0,121.6,63.7,36.06,15.4,0.756
0,56.7,97.0,81.5,70.8,36.53,8.0,0.696
0,51.6,94.1,103.3,74.9,36.68,14.3,0.5
0,55.1,98.5,111.3,89.0,36.2,11.5,0.495
0,96.9,100.0,142.5,96.0,35.63,17.9,0.68
0,69.7,97.8,108.2,91.4,36.44,15.3,0.645
1,116.4,95.3,125.1,85.5,37.75,13.6,0.93
0,69.5,99.8,125.9,65.0,36.84,26.0,0.553
0,80.8,99.1,144.1,71.5,37.76,19.9,0.561
1,101.1,95.0,143.5,78.3,36.93,20.0,0.705
1,108.1,98.4,121.0,69.0,36.26,24.4,0.893
1,108.9,99.9,113.9,82.3,37.69,19.0,0.956
1,96.1,100.0,110.7,83.9,36.95,13.1,0.868
1,93.4,97.3,117.9,81.9,37.47,12.6,0.792
0,86.9,96.6,114.6,87.3,36.05,19.7,0.758
0,89.7,100.0,131.4,66.0,37.53,8.2,0.682
0,69.7,94.6,129.1,86.3,37.55,15.7,0.54
0,65.7,98.6,132.1,68.3,37.0,8.0,0.498
0,77.9,94.2,143.4,65.6,36.24,16.4,0.544
0,75.4,100.0,153.7,81.9,36.77,19.2,0.491
0,71.2,96.9,124.1,89.4,37.23,17.1,0.574
0,88.4,100.0,140.7,81.4,36.96,19.6,0.629
1,92.3,98.7,116.0,76.2,37.22,23.5,0.796
0,79.3,94.6,142.1,79.4,37.51,15.5,0.558
0,100.2,100.0,140.0,77.5,36.35,26.7,0.715
0,60.9,100.0,139.1,63.6,35.99,16.8,0.437
0,75.1,99.6,123.6,62.3,36.77,19.6,0.608
0,67.2,95.7,110.6,75.1,36.57,13.7,0.608
0,50.0,96.8,98.3,76.9,37.35,22.2,0.509
0,76.8,97.8,121.3,76.1,36.05,20.0,0.633
0,76.2,95.8,148.1,83.4,37.51,21.6,0.514
1,100.7,100.0,116.7,73.6,37.75,16.2,0.863
0,87.5,97.8,135.3,82.2,36.8,11.2,0.646
0,62.6,91.0,136.3,74.4,36.84,17.7,0.459
0,105.8,98.3,117.2,96.1,36.26,9.6,0.903
0,96.3,96.7,144.4,76.9,36.42,14.7,0.667
1,86.7,97.3,72.6,101.7,36.51,16.7,1.195
1,74.6,96.6,101.2,79.9,37.81,25.0,0.737
0,63.6,99.4,106.4,73.6,36.75,17.2,0.598
0,72.4,100.0,108.1,66.1,35.87,16.5,0.67
0,94.3,98.2,127.7,60.1,36.98,15.8,0.739
1,106.3,96.7,126.9,65.1,37.38,10.9,0.837
1,101.1,97.4,128.7,66.3,36.78,16.3,0.786
0,70.7,97.5,132.1,80.3,37.83,16.4,0.535
0,61.2,95.6,105.8,70.2,37.34,12.3,0.578
0,80.1,98.9,101.3,78.1,36.07,11.5,0.791
0,51.5,98.6,128.7,90.1,36.41,14.2,0.4
0,82.8,100.0,111.3,75.0,36.96,16.2,0.744
0,75.8,100.0,95.3,98.9,35.63,14.3,0.795
0,71.0,95.9,138.5,63.1,37.04,12.0,0.513
0,54.1,99.5,145.7,74.3,35.57,17.1,0.371
0,85.7,95.2,148.5,70.1,37.52,18.0,0.577
0,70.0,99.2,125.2,86.3,37.44,16.5,0.559
0,60.5,96.3,132.6,51.4,37.15,13.9,0.456
0,45.0,95.0,145.3,60.1,36.33,18.3,0.31
0,77.6,98.2,111.1,74.8,36.92,15.3,0.698
0,104.6,91.1,140.9,93.1,36.44,11.5,0.742
1,102.9,93.3,126.7,78.5,36.08,19.9,0.812
0,71.1,97.1,137.5,61.1,36.56,17.3,0.517
0,69.0,97.7,125.2,62.8,37.29,15.5,0.551
0,85.0,96.6,144.0,94.4,36.83,10.0,0.59
0,63.0,93.7,125.8,69.2,37.82,13.2,0.501
1,82.5,95.5,96.8,65.6,37.34,23.7,0.853
0,89.5,98.4,146.7,92.3,37.26,10.3,0.61
0,96.4,98.9,105.9,87.1,35.67,15.0,0.91
0,76.5,97.5,143.3,90.0,36.6,15.9,0.534
0,74.9,100.0,120.5,65.5,36.05,17.2,0.622
0,64.8,98.5,142.0,59.2,36.67,10.3,0.457
0,65.6,95.7,141.3,77.5,36.31,16.7,0.464
0,74.6,96.8,129.3,79.7,36.54,9.6,0.577
1,83.5,94.1,130.6,80.0,37.54,16.4,0.639
0,91.7,97.2,129.2,92.3,37.13,13.5,0.71
1,66.0,100.0,87.8,56.9,37.5,12.7,0.751
0,100.4,99.1,124.0,85.5,35.68,19.2,0.81
0,73.9,100.0,103.0,63.9,36.84,15.1,0.718
0,77.7,96.8,124.9,85.4,37.48,17.8,0.622
1,66.8,100.0,102.6,70.8,37.85,17.9,0.651
0,45.0,97.0,101.9,67.0,35.72,20.8,0.442
0,91.3,100.0,149.3,69.3,36.55,11.4,0.611
1,89.1,97.4,140.2,60.1,37.52,19.5,0.635
0,73.8,99.2,121.9,76.4,36.67,16.1,0.605
0,79.0,100.0,125.1,67.5,36.16,14.6,0.631
0,85.7,97.0,117.8,84.6,35.72,11.6,0.728
0,54.6,98.0,131.7,83.0,36.14,18.3,0.414
0,70.1,100.0,110.5,94.6,35.62,12.5,0.634
0,89.9,97.2,138.9,80.0,36.84,18.0,0.647
0,59.2,94.3,117.7,81.7,37.43,23.3,0.503
0,82.4,100.0,114.9,91.4,35.92,19.7,0.717
0,57.7,96.4,122.4,69.1,36.98,21.3,0.471
1,85.0,97.9,112.0,59.6,37.39,13.3,0.759
0,77.5,100.0,127.6,78.2,36.8,18.9,0.607
0,53.8,96.0,112.9,60.4,35.67,11.7,0.476
1,95.5,95.1,130.0,103.0,37.07,15.1,0.735
0,67.0,98.1,142.7,92.0,36.76,22.6,0.469
0,65.8,93.2,109.8,99.8,36.69,13.7,0.6
0,81.0,96.8,119.8,76.7,36.42,20.2,0.676
0,95.2,98.1,129.8,82.1,36.86,19.9,0.733
0,62.8,96.9,114.6,70.9,37.16,20.1,0.548
1,78.9,93.8,129.9,85.7,38.47,11.2,0.608
0,84.4,100.0,131.4,62.6,36.88,18.0,0.642
1,88.4,97.7,140.4,48.0,37.86,15.4,0.63
0,80.6,100.0,111.7,67.3,37.05,20.1,0.722
0,72.5,96.9,106.0,60.0,36.73,9.7,0.684
0,65.6,95.4,116.8,92.3,36.9,17.4,0.562
0,79.3,98.1,105.5,96.0,35.94,16.9,0.751
0,61.9,97.0,131.6,60.6,37.01,8.4,0.471
0,45.0,94.7,102.3,90.2,35.41,12.6,0.44
0,84.5,100.0,161.7,86.5,36.2,9.0,0.523
0,91.6,96.0,144.0,58.7,36.88,13.2,0.636
0,45.0,93.1,122.2,71.7,37.64,18.1,0.368
0,62.9,100.0,136.7,69.6,37.8,16.7,0.46
1,87.3,96.3,94.2,84.2,36.63,16.6,0.927
0,108.9,96.0,164.9,62.5,36.91,12.0,0.66
1,78.3,93.3,112.0,74.9,37.49,20.3,0.699
0,67.1,100.0,120.0,68.5,35.87,15.9,0.559
1,75.3,94.4,90.4,81.2,37.08,16.1,0.832
0,98.6,97.6,130.3,73.6,36.22,19.6,0.757
0,68.3,99.7,103.2,70.1,36.68,12.2,0.662
0,66.0,98.5,123.7,73.7,36.48,16.9,0.534
0,70.8,97.4,112.7,98.4,37.1,17.6,0.628
0,63.7,93.4,103.7,71.4,37.19,13.9,0.614
1,79.8,95.6,108.3,64.5,37.42,18.5,0.737
1,102.4,98.0,125.8,82.4,37.04,17.8,0.814
1,82.8,95.6,100.2,74.4,36.92,15.6,0.827
1,74.2,98.0,109.3,60.4,38.1,15.5,0.679
0,73.6,99.1,133.3,100.5,35.73,18.0,0.552
0,54.6,99.8,166.2,72.1,37.99,19.0,0.328
0,91.2,94.6,130.1,71.8,36.6,16.2,0.701
1,76.8,100.0,106.4,77.8,37.2,20.3,0.722
0,75.3,99.3,115.8,95.0,36.57,18.5,0.65
1,125.9,97.5,122.5,57.5,36.31,9.2,1.027
0,82.5,100.0,116.1,79.0,37.14,10.7,0.711
0,66.7,100.0,137.4,99.0,37.53,20.5,0.486
0,71.6,94.0,125.7,77.4,37.13,15.1,0.57
0,95.2,97.0,137.4,62.4,36.42,16.6,0.693
1,79.7,91.8,116.7,69.2,39.33,20.3,0.683
0,56.4,98.0,144.5,78.3,37.64,16.0,0.39
1,91.8,98.4,119.2,90.6,37.45,16.1,0.77
0,68.0,97.4,105.5,72.3,36.55,12.7,0.644
0,106.1,95.9,159.0,85.1,36.36,17.4,0.667
1,94.2,92.6,91.0,60.2,36.6,18.2,1.035
0,71.3,98.4,109.4,60.1,37.56,13.8,0.651
0,97.2,100.0,111.3,70.7,36.11,12.5,0.873
0,79.0,96.1,164.6,91.8,36.05,26.0,0.48
0,90.8,98.6,152.7,76.8,37.18,15.6,0.595
0,85.3,93.7,147.4,79.2,37.02,13.4,0.579
0,65.3,98.6,116.4,79.1,36.26,18.7,0.561
0,68.3,96.6,163.2,88.2,36.04,15.8,0.419
1,93.4,95.7,128.3,69.3,37.81,11.9,0.729
0,73.0,95.7,138.6,83.6,37.05,17.8,0.526
0,71.9,96.6,125.1,66.9,35.85,12.8,0.575
0,63.7,98.4,121.2,97.8,35.89,22.0,0.526
0,84.4,94.4,117.7,67.2,36.55,17.9,0.717
1,108.9,96.5,118.4,66.3,37.31,14.9,0.92
0,62.0,97.4,132.3,82.0,37.22,16.4,0.468
1,78.4,94.9,128.2,76.9,37.59,19.4,0.611
0,99.2,100.0,121.5,79.6,35.76,16.7,0.817
0,76.8,95.5,147.7,78.5,36.96,24.1,0.52
1,84.8,95.9,71.6,64.0,37.8,20.3,1.185
0,62.1,95.2,130.7,93.7,37.73,17.9,0.475
0,84.4,100.0,134.2,85.8,37.05,12.4,0.629
1,75.2,98.8,141.5,90.9,38.44,15.4,0.531
1,92.8,95.3,120.9,70.2,37.23,17.8,0.767
1,95.8,100.0,125.5,80.6,37.53,12.9,0.763
1,116.8,98.0,138.8,78.2,36.83,20.9,0.842
0,86.7,98.1,147.3,88.4,36.25,12.3,0.588
0,82.9,96.7,116.9,88.8,36.19,13.6,0.709
0,80.9,95.7,126.5,78.1,36.93,13.9,0.639
0,72.7,98.3,150.5,59.3,36.65,18.8,0.483
0,83.1,96.2,85.9,95.6,35.56,12.9,0.967
0,73.6,100.0,110.3,82.1,36.08,9.2,0.667
0,80.5,94.5,146.9,69.3,36.58,20.1,0.548
0,97.8,100.0,140.6,80.5,37.31,14.3,0.695
0,62.9,97.2,130.9,59.4,36.79,11.9,0.481
0,95.1,98.2,114.4,87.6,36.75,13.1,0.831
1,97.8,99.5,107.0,59.8,36.11,22.5,0.914
0,76.2,96.0,111.9,73.6,36.82,13.5,0.681
0,46.2,99.6,148.3,78.7,37.72,15.5,0.311
0,68.9,91.0,111.3,87.4,36.91,14.3,0.619
0,97.5,95.8,123.7,77.2,35.74,11.3,0.788
0,77.7,95.3,109.2,83.0,35.92,13.2,0.711
0,63.0,94.5,136.3,75.7,37.21,11.1,0.462
0,70.4,97.0,112.8,75.6,36.64,19.6,0.624
0,90.6,98.4,120.3,76.9,36.75,16.4,0.753
1,86.2,99.2,93.4,73.9,36.37,25.4,0.923
1,74.4,98.1,94.6,57.4,37.15,13.3,0.787
0,72.5,95.9,122.1,67.5,36.59,12.7,0.594
0,72.1,98.4,99.5,78.7,36.67,21.8,0.725
0,64.2,97.8,157.8,73.3,36.2,20.0,0.407
1,102.2,99.7,87.0,74.3,37.45,17.5,1.176
0,73.2,99.4,108.4,72.4,36.65,11.8,0.675
1,96.3,97.6,122.3,66.5,37.23,22.6,0.787
0,100.8,95.3,115.8,70.6,35.96,15.7,0.871
1,93.0,95.9,103.2,72.6,38.01,14.4,0.901
1,71.5,96.2,105.7,76.1,37.69,20.3,0.677
0,84.1,96.7,105.2,80.3,35.46,15.9,0.799
0,77.6,98.1,117.1,74.0,36.24,11.6,0.663
0,64.4,99.2,155.2,64.7,37.13,16.2,0.415
0,82.9,97.4,123.3,60.6,35.88,13.0,0.672
0,60.3,97.5,142.1,104.6,36.71,8.0,0.424
0,95.8,97.8,130.6,63.6,37.1,12.6,0.734
0,71.0,96.3,140.9,70.3,36.67,14.0,0.504
1,81.0,95.3,74.4,81.7,37.18,11.6,1.089
0,82.2,93.3,116.8,80.0,36.31,18.2,0.704
0,74.1,95.8,144.2,81.7,35.23,13.0,0.514
1,86.8,98.6,112.3,71.1,37.49,17.8,0.773
0,70.9,95.8,152.0,78.6,37.48,11.3,0.466
1,91.1,96.9,147.2,76.7,38.55,19.5,0.619
0,57.8,98.6,114.0,72.6,35.25,11.1,0.507
0,79.9,98.7,113.4,78.7,37.33,8.0,0.704
1,107.1,94.9,104.8,87.6,35.42,20.7,1.022
0,63.0,99.9,111.3,75.8,38.03,12.7,0.566
0,67.8,100.0,101.0,75.8,37.14,22.7,0.671
0,85.7,94.8,129.3,87.7,36.13,18.1,0.663
1,80.7,95.5,97.2,86.6,37.35,19.0,0.83
0,83.3,100.0,132.3,93.4,36.41,20.0,0.629
0,85.3,97.1,132.7,56.7,37.01,16.4,0.643
1,87.5,92.2,93.8,86.0,36.94,16.5,0.933
1,94.6,94.1,148.3,82.6,38.02,20.9,0.638
1,84.1,96.9,130.7,66.3,38.07,16.4,0.644
0,74.4,94.7,134.7,78.8,36.38,13.2,0.552
1,88.1,96.5,109.1,87.6,37.54,18.2,0.807
0,106.5,97.6,132.6,66.9,37.05,8.0,0.803
0,76.0,100.0,141.1,80.9,35.81,21.0,0.539
0,63.4,96.8,120.3,85.6,36.31,21.1,0.527
1,94.6,100.0,156.0,64.2,38.44,20.6,0.606
0,76.2,100.0,122.7,74.4,37.05,20.4,0.621
0,45.4,100.0,141.4,79.3,37.5,15.7,0.321
0,90.7,98.2,127.0,67.2,36.65,15.6,0.714
0,70.0,92.8,132.0,66.3,36.42,11.3,0.53
1,76.6,98.6,93.6,74.5,36.82,22.6,0.819
0,83.0,100.0,128.3,84.8,36.61,14.2,0.647
0,80.9,97.3,109.5,83.1,35.75,17.3,0.738
0,88.6,100.0,107.6,66.5,36.1,17.0,0.824
0,71.5,99.6,151.6,83.2,37.3,10.9,0.471
0,85.7,98.9,118.4,66.8,36.53,9.4,0.724
0,74.1,100.0,104.9,58.3,36.82,16.0,0.706
0,89.1,98.3,115.9,72.0,36.96,14.3,0.769
1,87.2,91.5,99.9,88.4,37.02,15.7,0.873
0,64.0,96.3,146.4,83.2,37.6,20.0,0.437
0,94.3,100.0,110.2,76.0,36.03,16.9,0.856
0,70.0,95.6,131.0,71.4,37.2,18.9,0.534
0,90.1,97.0,145.1,71.7,37.33,17.7,0.621
1,83.5,95.0,113.5,77.2,37.49,14.8,0.736
0,105.6,100.0,131.0,64.2,35.81,12.2,0.806
0,74.6,100.0,104.5,72.2,36.98,17.0,0.714
0,72.8,95.4,163.6,73.6,38.0,16.3,0.445
0,77.7,97.9,137.9,61.1,36.73,19.5,0.563
0,73.5,95.9,118.7,66.8,37.14,15.4,0.619
1,90.0,99.0,108.9,80.5,37.35,14.9,0.827
0,53.8,98.7,120.1,76.1,36.08,15.1,0.448
0,62.2,99.4,116.2,72.6,38.08,12.5,0.535
0,62.0,98.3,155.2,66.0,37.15,21.5,0.399
1,92.3,100.0,101.2,93.3,37.16,20.3,0.912
0,103.7,95.0,124.3,66.8,35.64,11.4,0.834
1,76.4,93.4,121.7,78.8,37.36,19.1,0.628
0,75.5,96.6,120.0,70.6,37.15,9.0,0.629
1,79.1,93.7,120.2,76.4,37.94,19.7,0.658
1,95.4,93.9,120.0,81.0,36.58,13.4,0.795
0,64.1,95.1,136.8,60.9,36.11,17.4,0.468
0,81.6,95.3,132.4,75.9,36.32,8.7,0.616
0,92.6,95.2,129.1,89.1,36.45,11.4,0.717
1,85.5,98.7,70.4,95.4,36.02,17.8,1.214
1,80.8,96.3,127.1,74.6,37.7,13.3,0.636
1,93.0,97.1,93.9,76.5,37.73,12.8,0.991
0,45.0,99.6,133.0,100.3,36.66,21.3,0.338
0,88.2,95.7,147.1,88.5,36.53,24.4,0.6
0,68.2,96.9,106.3,69.2,35.53,19.6,0.642
0,50.5,98.4,117.5,69.2,37.29,11.9,0.43
1,85.7,92.8,111.8,86.5,37.96,22.7,0.766
0,98.6,91.8,143.0,64.9,36.35,10.1,0.69
0,75.9,98.3,123.6,88.0,36.72,14.8,0.614
0,92.3,98.7,151.4,79.7,37.1,16.2,0.61
1,102.2,100.0,129.0,81.7,38.01,23.3,0.792
1,97.7,97.9,126.1,73.2,36.94,19.5,0.775
1,102.6,99.5,123.2,69.1,36.94,14.2,0.833
0,89.1,97.0,135.9,92.1,36.93,12.4,0.656
0,79.1,98.2,92.5,73.3,35.8,19.8,0.856
0,54.0,100.0,123.5,71.5,35.79,14.0,0.437
0,74.3,92.4,120.8,75.1,36.23,16.8,0.615
0,65.4,98.5,134.3,78.1,37.51,10.8,0.486
1,110.6,100.0,118.8,64.7,36.57,18.2,0.931
0,75.4,98.2,104.3,69.8,36.43,17.9,0.722
0,79.8,100.0,122.1,69.2,36.42,11.3,0.654
1,86.3,96.0,103.6,85.3,36.7,19.9,0.833
1,78.7,97.4,89.3,66.3,37.99,18.1,0.881
0,103.4,97.6,134.4,56.7,36.69,18.8,0.77
0,68.7,92.2,131.8,54.4,36.25,14.6,0.521
0,80.9,94.7,129.9,59.8,36.82,16.7,0.623
0,66.9,94.9,144.1,91.0,38.03,16.2,0.464
0,58.2,99.5,110.7,76.2,36.45,15.4,0.526
0,68.8,99.6,97.7,81.5,35.97,16.6,0.705
0,77.4,98.3,120.8,81.9,36.45,20.8,0.641
0,71.6,99.5,116.1,76.6,36.89,20.1,0.616
0,67.6,97.1,107.7,75.2,37.28,11.5,0.628
0,56.9,100.0,120.6,87.5,37.5,19.7,0.472
0,76.8,97.5,111.6,77.6,36.07,20.5,0.688
0,55.4,97.6,90.8,91.4,36.13,15.4,0.611
0,89.4,96.9,114.5,82.8,36.57,17.9,0.781
1,79.2,99.1,102.7,69.2,37.28,17.9,0.772
0,56.1,96.5,125.9,70.5,35.92,12.8,0.446
0,73.4,99.8,110.8,68.0,36.37,14.5,0.662
0,66.7,94.8,140.9,89.4,36.39,18.9,0.474
0,82.8,94.9,149.3,71.5,37.46,14.1,0.555
1,98.1,99.1,133.5,67.2,37.17,19.7,0.735
0,49.9,97.3,95.6,79.5,37.43,21.0,0.522
0,79.7,96.4,147.6,74.9,37.74,20.3,0.54
0,75.6,99.6,148.8,79.2,36.59,23.5,0.508
0,88.1,96.0,122.3,96.8,35.97,15.7,0.72
0,81.2,97.0,144.5,86.0,35.97,16.7,0.562
0,66.7,100.0,112.6,76.3,35.51,17.2,0.592
0,73.2,100.0,90.3,60.5,36.48,15.8,0.811
0,66.1,100.0,109.1,70.5,36.53,18.1,0.606
0,94.1,96.8,151.4,83.8,37.35,9.5,0.622
0,78.3,100.0,96.7,63.1,36.81,16.8,0.81
1,106.5,95.2,122.0,99.6,36.46,10.8,0.873
0,77.1,95.3,122.6,76.2,36.72,12.3,0.629
0,67.4,91.9,113.3,76.5,36.07,18.8,0.595
0,55.3,100.0,114.5,68.7,37.52,15.2,0.483
0,51.0,95.4,123.2,81.5,36.25,18.7,0.413
0,54.2,97.2,112.4,63.3,36.0,15.2,0.482
1,82.0,95.3,97.8,99.8,37.37,20.2,0.838
0,85.6,99.2,125.7,90.5,37.2,15.1,0.681
0,54.3,96.6,140.2,86.8,35.59,8.6,0.387
1,91.4,94.4,136.8,60.7,37.4,16.9,0.668
0,70.8,98.6,108.2,78.3,36.28,8.0,0.654
0,80.2,94.1,100.7,89.3,36.54,10.5,0.796
1,102.2,95.5,117.2,82.5,36.93,12.6,0.872
0,91.5,92.4,148.7,65.0,37.21,12.2,0.615
0,74.0,94.1,133.0,68.8,37.11,13.9,0.556
0,64.6,97.9,134.0,71.0,36.77,12.0,0.482
0,45.7,92.8,137.1,69.4,36.5,10.7,0.333
0,67.2,93.9,129.2,92.8,37.09,21.9,0.52
0,74.8,97.5,124.1,54.9,36.72,13.4,0.603
0,63.2,96.2,133.3,83.2,38.06,8.0,0.474
0,76.0,100.0,112.7,61.8,37.21,14.6,0.675
0,79.2,100.0,98.0,65.4,36.15,11.7,0.808
0,74.6,95.4,134.3,53.9,36.47,12.6,0.556
0,68.2,98.8,143.0,70.0,36.83,18.7,0.477
1,80.5,99.3,103.0,92.6,37.71,14.3,0.782
0,84.6,96.1,136.0,78.9,37.79,11.6,0.622
0,61.6,93.9,150.6,62.8,36.52,17.7,0.409
0,99.2,97.5,122.0,87.2,36.15,20.4,0.813
0,76.5,97.1,108.1,89.5,36.06,18.0,0.708
0,78.3,96.5,124.1,77.1,36.98,8.0,0.631
1,88.6,98.6,112.6,98.4,38.41,11.8,0.787
1,81.5,95.7,111.5,85.0,37.18,16.2,0.731
0,92.3,94.7,129.4,83.5,35.68,15.1,0.713
0,82.3,97.8,94.7,67.2,36.29,14.8,0.869
0,68.8,98.4,97.5,82.9,36.36,12.3,0.706
0,83.4,94.7,122.3,78.4,36.22,10.7,0.682
0,60.8,99.7,121.6,81.7,36.53,23.6,0.5
0,79.6,93.3,127.8,68.5,37.06,16.1,0.623
0,77.5,96.1,153.9,77.4,37.28,18.4,0.504
0,74.9,96.9,123.8,67.0,37.56,16.0,0.605
0,76.1,96.0,132.2,52.4,37.17,16.2,0.576
0,49.8,96.1,105.4,87.0,35.43,15.8,0.472
0,69.8,100.0,135.1,59.5,36.06,11.7,0.517
0,79.4,95.5,113.1,77.2,36.69,10.2,0.702
0,80.4,100.0,123.2,79.7,36.9,17.5,0.653
0,62.6,98.5,120.1,79.6,37.4,16.7,0.521
0,97.0,97.7,139.6,72.9,36.83,19.6,0.695
0,65.0,98.6,99.7,79.0,36.84,18.8,0.652
1,92.5,100.0,83.2,81.2,36.97,12.9,1.112
0,84.4,95.1,118.4,84.1,36.62,20.3,0.713
0,68.3,94.8,130.0,95.1,36.86,18.9,0.526
1,104.6,95.7,124.6,78.6,37.59,18.6,0.84
0,60.1,97.6,142.9,76.7,36.74,24.5,0.42
1,91.8,93.4,129.4,66.0,36.78,23.8,0.709
1,93.0,97.6,112.4,80.8,36.78,18.6,0.827
1,67.9,100.0,82.5,83.3,37.71,18.1,0.824
0,98.9,97.9,118.0,73.9,36.02,20.1,0.838
0,74.2,96.8,139.5,82.0,38.04,13.8,0.532
0,82.3,96.0,115.3,72.8,35.98,13.8,0.714
0,81.9,99.7,122.5,83.4,36.34,18.6,0.669
0,76.0,95.5,129.2,86.0,37.32,12.7,0.588
1,90.2,100.0,104.7,85.9,37.52,18.3,0.861
0,89.9,100.0,132.6,77.3,35.82,16.6,0.678
0,51.8,98.1,149.8,64.6,36.04,12.7,0.346
1,97.6,97.5,119.1,69.3,36.99,16.1,0.819
1,53.1,100.0,102.8,82.5,38.44,21.0,0.516
1,93.5,100.0,120.9,102.9,37.67,16.3,0.773
1,94.9,95.6,84.2,72.3,36.63,16.3,1.127
0,61.6,96.2,127.7,81.0,35.11,17.3,0.483
0,71.8,94.3,129.7,69.9,36.86,17.7,0.554
0,61.4,98.5,150.5,65.3,37.05,14.7,0.408
0,74.8,99.1,118.7,68.6,36.53,17.3,0.63
0,73.4,94.3,128.9,53.1,36.2,12.0,0.569
1,89.7,96.4,107.4,90.9,36.91,13.0,0.835
0,97.7,94.3,115.9,51.5,36.14,13.4,0.842
1,98.9,95.3,96.1,73.1,38.11,17.8,1.03
0,69.6,98.8,118.7,63.0,37.86,16.6,0.586
0,74.9,95.7,116.8,66.3,37.26,15.5,0.641
0,52.7,96.8,127.1,91.1,36.86,18.6,0.415
0,65.9,93.6,111.4,78.2,36.34,17.4,0.592
0,92.5,97.9,123.4,65.4,36.79,14.9,0.749
1,102.2,97.4,116.3,69.5,37.95,12.1,0.879
0,59.5,95.8,116.4,67.6,37.41,12.9,0.511
0,69.1,97.0,123.4,75.5,36.94,10.4,0.56
0,77.6,97.9,122.7,77.9,37.45,16.5,0.633
0,82.2,95.5,134.9,96.9,37.18,12.7,0.609
0,65.9,94.0,119.9,54.9,37.08,14.1,0.549
1,84.4,100.0,116.1,75.6,37.49,15.5,0.727
0,70.9,96.0,118.9,72.5,37.16,20.0,0.596
1,77.8,97.3,109.9,86.4,37.4,19.5,0.708
0,86.2,99.9,115.9,79.9,36.91,15.8,0.744
0,78.1,100.0,156.5,82.5,36.62,20.8,0.499
0,71.5,94.5,106.5,79.8,36.42,8.4,0.671
0,76.4,98.6,117.3,65.7,36.33,23.1,0.651
0,76.7,95.8,115.4,89.3,35.68,18.6,0.664
0,72.4,96.2,117.8,84.8,36.16,16.4,0.615
0,74.1,95.8,116.4,86.1,36.14,12.6,0.637
0,102.0,94.8,126.7,89.9,36.44,14.3,0.805
1,86.4,97.4,92.9,80.6,37.89,18.3,0.93
0,73.6,94.0,139.6,92.3,36.69,18.4,0.527
0,88.5,99.8,132.8,80.2,36.97,18.5,0.666
0,73.0,97.6,100.9,73.6,36.99,13.2,0.724
1,95.6,98.5,83.4,75.9,37.91,12.5,1.146
0,83.5,96.4,105.4,75.7,36.4,16.7,0.793
0,76.4,96.6,117.9,70.3,36.64,18.9,0.648
0,84.7,98.2,165.9,94.0,36.73,16.0,0.511
0,54.4,94.7,131.2,79.3,37.6,21.6,0.415
1,61.1,96.6,91.3,77.0,37.74,16.1,0.669
0,60.1,95.4,110.3,80.3,37.13,16.0,0.545
1,80.1,95.4,121.1,108.8,37.66,18.5,0.662
1,104.0,92.4,126.3,63.6,36.92,20.6,0.823
1,111.5,100.0,99.6,66.7,36.68,10.9,1.119
1,87.6,95.9,119.7,60.8,37.63,11.8,0.732
1,85.5,100.0,109.8,73.4,37.14,14.8,0.779
0,51.0,100.0,103.2,78.7,36.29,28.0,0.494
0,69.9,94.4,126.4,70.9,37.5,15.0,0.553
0,66.2,94.9,135.2,70.1,36.65,15.5,0.49
0,68.7,100.0,136.3,77.6,36.57,18.3,0.504
0,75.5,100.0,131.8,70.5,37.43,19.7,0.573
0,70.9,97.4,113.5,79.4,36.74,16.6,0.625
0,48.3,98.1,134.1,88.3,37.07,20.4,0.36
0,89.2,96.0,127.3,83.4,37.26,11.5,0.701
0,61.9,98.5,124.3,85.7,36.25,13.1,0.498
1,81.6,95.8,111.6,87.9,37.07,20.4,0.731
1,109.1,92.6,113.6,79.1,37.74,16.0,0.961
0,64.2,94.3,123.3,74.3,36.13,11.2,0.521
0,45.0,97.6,163.5,67.5,37.11,11.0,0.275
0,73.7,94.8,127.1,71.7,36.22,12.9,0.58
1,94.5,97.3,111.6,70.2,37.51,16.0,0.847
1,107.4,94.9,107.8,84.0,37.51,17.8,0.996
0,59.6,95.6,113.6,79.8,36.55,14.7,0.524
0,85.5,99.5,159.0,83.7,38.35,17.5,0.537
0,71.0,98.1,115.2,63.2,37.57,14.3,0.616
0,76.4,97.5,137.4,91.7,37.29,20.7,0.556
1,117.7,99.6,115.6,71.3,37.26,25.7,1.018
0,55.5,98.7,126.4,63.9,37.49,14.5,0.439
0,81.8,100.0,135.5,71.2,36.1,17.8,0.604
1,85.0,96.4,112.3,103.3,36.94,17.5,0.757
1,94.3,96.5,111.1,71.7,37.07,16.5,0.849
0,79.5,94.4,150.2,72.4,36.52,18.5,0.529
0,82.6,96.5,138.7,73.9,37.13,17.8,0.596
0,72.1,99.8,135.4,74.4,37.66,14.2,0.533
0,82.0,100.0,135.4,67.4,36.5,21.0,0.606
0,72.9,99.8,129.8,77.6,36.76,16.8,0.561
0,87.3,93.2,156.3,87.8,36.23,14.5,0.559
0,72.5,100.0,122.7,79.5,35.55,25.3,0.59
1,83.7,93.1,131.8,63.8,37.35,15.6,0.635
0,77.6,99.7,97.3,72.2,36.78,17.0,0.797
1,94.9,96.6,108.0,69.9,36.83,16.7,0.879
0,77.2,99.2,101.6,76.6,36.11,15.5,0.76
0,51.4,94.3,143.7,90.6,36.67,17.7,0.358
1,96.9,100.0,78.6,74.4,37.57,12.8,1.233
0,64.4,94.0,115.2,75.0,36.8,18.3,0.559
1,68.2,95.9,71.1,95.6,36.82,9.3,0.959
0,69.1,95.1,107.9,85.6,36.95,11.1,0.64
1,98.6,93.3,113.7,82.3,35.93,22.9,0.868
0,46.0,97.7,145.5,97.5,37.24,11.2,0.316
0,125.1,100.0,128.7,81.4,35.92,8.6,0.971
0,93.8,100.0,107.8,54.1,36.14,11.3,0.87
0,81.3,97.7,140.1,85.2,36.07,22.6,0.581
0,77.2,100.0,122.3,58.5,36.68,9.2,0.631
0,82.3,98.1,122.6,81.0,36.55,12.4,0.671
0,85.8,98.7,101.6,57.1,36.8,10.5,0.845
0,87.7,96.7,105.2,70.9,36.17,15.0,0.834
1,86.3,98.0,108.0,72.0,37.5,14.3,0.8
0,79.3,98.8,122.8,67.5,37.38,14.2,0.646
0,75.0,96.1,123.3,72.2,36.68,23.1,0.608
0,75.7,97.3,148.2,87.4,36.47,11.4,0.511
0,75.1,97.4,128.5,68.1,36.39,15.6,0.584
1,95.0,99.5,76.0,82.0,36.58,17.3,1.251
0,86.9,94.9,126.5,65.4,35.82,12.3,0.687
0,45.0,97.4,97.3,73.9,36.13,17.8,0.462
1,87.8,100.0,105.6,79.6,37.4,14.5,0.832
0,80.9,100.0,108.2,65.0,37.01,17.4,0.748
1,77.7,100.0,110.7,61.6,37.94,15.6,0.702
0,72.2,97.6,98.6,81.4,36.59,8.2,0.732
0,94.9,98.3,125.5,88.4,36.55,21.0,0.756
1,92.2,99.9,98.0,75.1,36.51,23.9,0.941
0,66.4,100.0,128.1,71.0,36.58,15.3,0.519
0,84.1,92.8,160.0,77.7,36.34,12.6,0.526
1,63.4,94.3,99.4,76.6,36.99,21.7,0.638
0,57.3,100.0,117.2,78.7,36.82,23.2,0.489
0,68.6,96.8,79.1,48.2,36.44,15.4,0.867
1,90.9,95.9,116.9,64.2,37.68,15.2,0.778
1,92.3,94.5,132.9,66.7,38.13,15.7,0.694
0,85.7,96.2,134.3,77.7,37.62,9.6,0.638
1,88.9,94.1,123.3,78.0,37.19,14.9,0.721
0,85.7,100.0,137.1,83.0,37.33,22.5,0.625
0,68.4,97.4,165.3,78.8,38.1,15.4,0.414
0,84.5,97.4,151.1,61.7,37.33,12.0,0.559
0,90.0,98.9,113.1,91.9,36.39,17.9,0.796
1,89.3,99.8,97.3,90.0,37.07,13.5,0.918
1,95.8,99.8,115.1,62.2,37.24,15.7,0.833
0,88.6,100.0,105.9,79.7,36.1,11.2,0.837
0,83.3,96.0,129.7,69.5,36.6,12.1,0.642
1,94.1,96.8,101.9,77.5,37.57,18.8,0.923
0,77.6,99.3,120.8,87.6,35.52,16.4,0.643
0,64.8,96.2,136.2,99.4,35.92,13.1,0.475
0,75.6,97.5,120.3,84.3,36.68,16.5,0.628
0,66.8,98.5,105.9,79.2,37.05,13.7,0.631
0,67.9,99.4,142.0,72.3,35.85,13.0,0.478
1,75.8,93.2,90.1,78.0,36.71,20.4,0.842
0,66.1,99.2,116.4,91.0,37.61,19.0,0.568
0,73.4,96.9,121.3,75.5,36.85,15.9,0.605
0,49.6,99.2,122.3,66.3,37.46,16.5,0.406
0,81.2,99.4,125.1,58.2,36.39,16.0,0.649
0,78.0,100.0,132.4,81.6,36.23,17.9,0.589
0,65.7,100.0,121.4,78.7,37.39,13.0,0.542
1,87.9,100.0,115.7,68.9,37.06,19.3,0.759
0,92.1,100.0,115.1,87.3,35.97,17.3,0.8
0,53.9,98.2,111.6,71.4,36.24,15.0,0.483
0,66.6,97.6,135.4,74.5,37.9,14.1,0.492
0,66.5,99.6,111.0,75.8,36.15,19.2,0.599
0,63.9,99.3,136.4,72.1,37.45,15.4,0.469
0,90.4,96.8,122.3,78.6,36.47,13.3,0.739
0,75.1,98.5,113.1,88.7,36.8,14.5,0.664
0,74.0,97.4,132.5,63.4,37.01,18.9,0.559
0,47.9,95.5,109.6,81.4,35.33,9.9,0.437
0,87.5,100.0,132.8,77.9,35.78,14.6,0.659
0,59.4,97.6,125.6,77.7,36.86,20.1,0.473
0,78.9,100.0,111.9,85.6,36.29,15.4,0.705
1,82.2,93.6,131.0,76.5,37.5,17.0,0.627
0,98.4,96.2,131.3,81.3,35.68,20.1,0.75
0,58.4,97.6,141.7,83.9,37.2,19.4,0.412
0,45.0,100.0,138.4,70.5,35.84,14.3,0.325
0,80.8,98.5,130.4,79.3,36.55,15.5,0.62
1,105.0,98.2,102.8,73.2,36.05,19.4,1.021
1,96.6,94.8,163.6,74.5,38.13,19.6,0.59
0,81.1,94.7,98.1,72.5,35.86,15.7,0.827
0,70.6,98.3,138.1,81.2,36.71,15.8,0.511
0,90.1,94.2,129.3,76.9,35.59,17.0,0.697
1,63.4,96.2,102.0,80.3,37.92,21.2,0.621
1,85.1,98.7,119.9,75.8,37.08,20.1,0.71
1,85.6,95.1,120.7,58.4,36.9,18.6,0.709
0,93.9,100.0,144.2,76.3,37.83,11.9,0.651
1,119.4,100.0,109.9,76.7,36.9,15.0,1.087
1,83.9,93.7,117.5,78.7,36.95,15.2,0.714
1,70.4,95.3,82.3,69.5,36.89,21.4,0.855
0,77.6,92.0,151.5,62.8,37.19,15.1,0.512
0,51.5,95.6,103.8,82.9,36.46,20.8,0.496
0,67.6,99.3,127.6,73.0,36.65,13.8,0.53
0,71.9,96.5,120.3,77.9,37.37,14.1,0.597
0,70.1,98.6,120.3,72.9,36.99,17.8,0.583
0,80.3,93.8,135.8,75.9,36.72,22.0,0.591
0,65.7,99.4,150.4,71.1,35.82,15.2,0.437
1,94.8,96.2,126.3,65.4,37.85,8.0,0.751
0,78.0,97.5,133.1,81.2,36.34,10.1,0.586
0,77.9,97.3,127.6,69.4,37.49,17.1,0.61
0,73.1,94.4,139.3,77.8,36.92,10.4,0.525
0,80.3,94.7,114.1,80.5,35.89,12.7,0.704
0,90.4,99.8,140.3,69.5,37.68,16.0,0.644
0,65.0,98.5,140.9,62.8,36.98,8.0,0.461
0,68.1,100.0,140.4,102.7,37.73,14.6,0.485
0,73.4,98.3,110.8,70.2,36.67,11.6,0.663
0,57.8,97.8,119.1,82.9,37.29,10.3,0.485
0,65.7,93.4,126.1,97.3,35.57,13.0,0.521
0,70.9,96.9,98.7,84.7,36.45,11.9,0.718
0,91.1,97.4,149.1,72.7,35.91,17.8,0.611
0,81.9,100.0,121.8,75.3,36.54,20.5,0.673
0,80.9,99.1,126.8,66.8,37.13,14.6,0.638
0,90.8,100.0,112.2,85.7,36.38,13.7,0.809
1,75.9,98.9,99.4,82.2,37.4,14.4,0.764
0,83.9,95.8,111.7,70.3,36.2,11.8,0.751
0,76.5,97.8,125.7,64.5,37.42,11.1,0.608
0,82.0,98.1,133.4,61.5,37.72,9.7,0.614
0,69.3,95.2,124.8,86.9,37.51,10.9,0.555
0,45.0,96.6,127.9,77.3,36.56,22.2,0.352
0,76.0,97.0,116.3,78.4,35.31,13.4,0.654
0,99.3,100.0,130.4,66.9,37.21,8.0,0.762
0,91.9,92.5,147.2,59.9,36.71,13.8,0.624
0,92.5,100.0,134.0,86.6,36.12,10.0,0.69
0,96.5,95.3,135.8,76.5,36.41,16.2,0.711
1,79.3,94.2,127.0,86.0,37.8,15.8,0.625
0,81.0,100.0,96.4,71.8,36.0,16.2,0.839
0,68.7,99.3,104.2,73.4,37.13,15.8,0.659
0,73.3,100.0,129.7,83.8,36.95,14.6,0.565
0,87.2,99.4,121.8,84.1,36.55,10.5,0.716
0,96.1,100.0,129.5,84.8,37.25,15.7,0.742
0,75.9,98.8,150.5,72.8,37.94,19.9,0.504
0,71.2,97.1,134.3,82.8,36.59,22.9,0.53
0,78.0,98.3,143.4,88.2,36.63,15.1,0.544
0,87.0,100.0,123.6,74.8,37.24,15.5,0.704
0,56.3,95.6,108.3,70.4,37.44,17.9,0.52
0,45.0,95.9,121.0,90.8,36.71,21.7,0.372
0,69.7,96.8,108.3,68.8,36.59,14.2,0.644
0,59.7,92.4,148.5,82.9,35.25,18.6,0.402
0,70.4,97.8,135.4,75.4,36.26,12.9,0.52
0,75.8,93.0,130.8,55.7,36.0,17.3,0.579
0,71.2,97.6,143.0,88.4,37.28,19.7,0.498
1,99.8,99.6,87.7,45.7,36.63,11.1,1.138
0,82.9,96.4,132.0,54.2,36.6,14.0,0.628
1,82.5,100.0,99.7,81.8,36.79,19.6,0.827
0,87.3,94.0,121.9,81.8,36.19,18.3,0.717
0,60.9,100.0,116.7,69.0,37.89,19.9,0.522
1,93.6,99.1,133.2,77.6,37.71,19.2,0.702
1,76.9,93.4,125.9,48.2,37.93,14.7,0.611
0,88.1,100.0,144.9,83.8,37.28,24.4,0.608
0,61.9,97.3,111.8,78.7,36.78,16.5,0.554
0,54.7,95.4,134.1,75.5,37.93,8.0,0.408
0,90.3,94.1,124.8,76.2,36.32,14.9,0.724
0,83.6,97.0,94.2,81.4,36.19,14.2,0.888
0,64.5,97.2,106.4,75.7,36.38,19.0,0.606
0,65.0,97.7,119.5,55.4,37.17,14.3,0.544
0,94.9,96.8,140.9,100.2,36.27,20.2,0.673
0,60.2,99.0,129.9,89.2,36.69,18.1,0.463
0,102.6,96.6,102.2,61.9,35.68,12.2,1.005
0,64.5,92.9,119.6,72.2,37.14,15.5,0.539
0,87.6,97.1,156.3,73.4,35.74,13.1,0.56
0,73.1,91.8,123.9,87.9,36.15,16.7,0.59
1,87.0,98.3,116.4,52.2,37.65,13.0,0.748
0,69.8,95.1,130.4,70.5,37.63,16.3,0.536
0,75.6,97.9,135.0,56.6,37.06,15.0,0.56
0,78.6,100.0,114.2,72.9,36.99,15.4,0.688
0,63.0,95.2,130.5,70.8,36.43,23.8,0.482
0,89.1,100.0,116.4,76.9,36.26,14.6,0.766
0,70.3,96.5,134.2,69.3,36.55,8.6,0.524
0,74.6,100.0,124.9,67.7,35.74,19.9,0.597
0,63.1,96.6,130.2,82.8,36.98,19.8,0.485
0,45.0,95.5,109.1,81.0,36.83,8.5,0.412
0,75.1,99.1,108.0,82.1,36.15,13.3,0.695
1,114.2,96.5,138.1,74.1,37.9,17.7,0.827
1,89.8,95.5,120.7,69.7,37.22,18.0,0.744
0,77.7,96.4,126.8,74.7,37.28,16.0,0.613
0,74.1,97.4,116.8,81.5,36.46,16.1,0.634
0,78.3,100.0,137.3,52.1,36.8,12.4,0.571
1,86.2,92.9,111.7,80.3,37.24,8.0,0.772
0,60.3,97.6,119.7,79.4,36.91,23.8,0.504
1,94.7,99.0,135.4,76.7,37.92,12.3,0.7
0,88.7,98.0,141.9,74.4,36.66,16.7,0.625
0,88.8,100.0,113.1,47.8,36.45,15.4,0.785
0,84.6,97.3,155.3,71.2,37.24,19.4,0.545
0,78.3,97.1,127.3,95.7,35.91,16.4,0.615
1,88.1,98.9,104.3,76.1,37.45,16.6,0.845
0,86.9,97.7,128.3,72.6,35.89,8.0,0.677
0,72.7,96.6,115.5,76.2,37.25,12.8,0.629
0,69.4,98.7,129.4,79.9,36.35,18.8,0.536
0,79.5,95.9,121.3,83.2,37.13,18.5,0.656
1,101.2,96.0,123.3,73.5,37.44,12.4,0.821
0,59.4,96.2,106.5,80.7,36.91,10.0,0.558
0,56.0,100.0,138.8,94.4,35.96,16.5,0.403
0,80.5,89.8,102.3,87.1,36.17,8.0,0.786
0,78.8,98.4,103.2,101.7,36.29,11.6,0.764
0,80.6,97.6,128.2,68.8,35.47,22.7,0.628
1,81.7,93.5,149.2,94.4,37.59,21.5,0.547
0,74.7,98.2,116.0,67.3,36.88,17.9,0.644
0,100.3,98.6,133.9,79.9,36.01,17.2,0.749
0,54.0,98.9,140.2,84.1,37.82,8.6,0.385
0,65.6,91.1,135.8,70.4,36.31,13.2,0.483
0,76.5,100.0,116.7,77.0,36.98,14.9,0.655
0,53.4,95.7,103.5,86.0,36.22,13.3,0.516
0,75.4,99.1,84.5,68.2,35.39,14.7,0.892
0,102.9,99.3,117.5,94.4,35.84,20.9,0.876
0,78.3,95.4,142.0,60.8,36.49,13.9,0.551
1,81.5,99.1,102.9,97.3,37.43,14.7,0.792
0,59.1,96.6,133.9,87.0,37.04,18.8,0.441
0,68.8,92.5,105.8,75.0,36.9,10.6,0.65
0,72.4,100.0,123.8,71.6,35.39,12.8,0.585
0,73.2,95.6,134.0,70.4,37.69,13.2,0.546
1,97.2,95.4,110.8,74.5,36.96,16.2,0.878
0,86.4,96.5,124.9,75.5,36.72,14.7,0.691
0,61.3,98.2,114.9,89.8,37.59,14.8,0.534
0,81.7,97.4,134.0,97.7,37.67,13.5,0.61
0,85.5,98.8,126.0,78.2,37.61,11.9,0.678
1,95.1,94.3,123.0,66.7,36.63,18.3,0.773
0,101.7,95.7,148.5,70.0,36.1,14.7,0.685
0,62.8,97.2,133.3,74.0,37.49,18.4,0.471
0,65.8,100.0,110.3,64.7,35.84,11.8,0.597
0,59.1,97.2,120.5,63.0,38.16,13.5,0.491
0,74.5,100.0,120.7,99.1,36.82,15.2,0.617
0,85.0,97.6,123.4,79.3,36.06,15.5,0.689
0,92.8,96.3,164.9,66.8,35.94,18.9,0.563
0,76.9,96.9,128.3,85.0,35.91,14.4,0.599
1,73.2,97.1,87.4,63.0,36.9,18.8,0.838
0,80.3,98.9,112.8,63.9,36.8,17.4,0.712
0,65.5,100.0,89.1,67.2,35.93,15.6,0.734
1,109.3,98.4,116.4,94.2,36.55,12.4,0.939
0,53.9,100.0,88.2,73.2,35.84,18.9,0.611
1,80.8,95.2,107.2,49.1,37.21,12.5,0.754
1,108.4,96.5,96.1,89.3,36.76,15.9,1.127
0,78.1,95.8,128.5,72.6,36.54,15.8,0.608
0,75.1,98.3,122.0,55.7,35.9,15.2,0.616
0,72.6,96.6,127.2,72.5,36.59,14.5,0.571
0,75.3,99.3,120.2,81.7,36.51,12.9,0.626
1,98.6,95.3,98.3,80.4,37.02,9.9,1.003
0,45.0,97.6,130.7,95.8,36.92,21.3,0.344
0,101.0,99.1,154.7,66.6,37.35,14.1,0.653
0,56.6,92.5,129.0,76.5,36.46,15.5,0.439
0,74.0,100.0,114.8,68.3,35.5,15.5,0.645
1,71.6,96.8,97.7,59.0,37.49,20.2,0.732
1,86.8,92.6,106.6,85.7,36.14,23.3,0.815
0,54.0,97.9,129.7,81.1,36.03,16.6,0.417
0,84.9,97.6,140.2,79.1,36.77,15.4,0.606
1,108.4,97.3,126.4,80.7,37.01,11.7,0.857
0,57.6,99.9,135.6,68.5,36.43,10.5,0.424
0,80.8,99.3,134.0,64.9,36.42,9.3,0.603
0,68.1,98.2,130.6,76.4,36.53,13.0,0.521
1,84.4,98.6,110.8,88.8,37.79,8.1,0.762
0,78.3,97.2,125.0,93.7,36.8,20.1,0.627
0,68.4,100.0,107.6,84.7,36.12,17.6,0.636
0,85.3,93.9,122.3,76.3,36.13,15.0,0.698
1,105.1,97.8,127.6,79.0,36.62,20.2,0.823
0,75.1,97.7,150.5,76.1,36.97,11.9,0.499
1,88.8,99.5,99.7,64.7,37.14,12.9,0.89
0,58.6,95.5,130.2,76.3,36.89,8.7,0.45
0,63.7,93.3,147.2,61.3,36.21,18.9,0.432
0,85.1,97.9,134.9,74.6,36.5,12.9,0.631
1,100.3,98.2,136.2,94.0,37.31,16.1,0.736
0,83.3,100.0,132.0,85.1,36.0,19.8,0.631
0,73.3,94.5,144.1,65.8,36.47,21.2,0.509
1,78.0,100.0,103.5,75.2,37.22,15.9,0.753
0,59.2,100.0,98.4,66.8,37.41,17.5,0.602
0,87.1,96.6,121.9,75.3,36.66,12.6,0.714
1,91.2,94.4,85.3,87.5,36.51,22.4,1.07
0,71.2,96.5,142.9,83.2,35.87,15.4,0.498
0,70.9,97.5,142.8,103.3,37.17,16.3,0.497
1,82.0,98.9,114.6,89.1,37.72,14.5,0.715
1,71.4,96.1,115.7,78.2,38.6,20.6,0.618
0,77.0,100.0,120.8,83.4,37.07,16.8,0.638
1,109.5,94.8,122.9,73.8,36.76,18.9,0.891
0,74.3,93.3,124.2,63.6,36.16,17.3,0.598
0,72.6,100.0,131.5,90.4,35.48,15.2,0.552
0,68.3,92.0,119.1,87.1,36.92,19.5,0.574
1,89.2,97.0,138.0,73.3,38.45,17.3,0.646
0,75.3,100.0,129.6,79.0,37.69,12.3,0.581
0,68.3,97.5,111.7,89.7,37.58,12.2,0.611
0,97.8,94.8,144.7,85.3,36.97,16.6,0.676
1,99.3,97.4,98.9,59.9,37.05,19.4,1.004
0,69.0,97.4,120.4,78.7,35.1,22.2,0.573
0,50.0,97.9,138.4,74.2,37.33,9.2,0.361
0,93.1,99.1,109.7,88.2,36.39,16.1,0.849
0,67.7,95.0,127.3,87.3,36.31,17.9,0.532
0,89.9,100.0,131.2,90.5,36.57,17.1,0.685
0,48.4,98.1,107.4,63.7,36.55,19.8,0.451
0,91.4,99.2,120.8,67.4,36.3,18.5,0.757
0,59.8,96.0,119.3,88.3,36.81,12.3,0.501
0,89.0,100.0,112.6,69.5,36.41,12.1,0.79
0,78.2,96.9,161.1,59.3,36.87,17.2,0.485
0,63.7,98.2,109.0,81.9,35.76,19.8,0.584
0,71.9,95.3,139.1,70.0,36.65,16.5,0.517
0,88.3,95.1,115.3,95.7,36.03,10.0,0.766
0,79.6,99.2,103.5,79.3,36.35,12.0,0.769
0,86.8,96.4,123.7,77.8,36.9,18.6,0.701
0,107.6,95.5,133.0,71.9,35.68,14.7,0.809
0,54.5,96.0,137.6,93.5,36.22,16.4,0.396
0,102.3,99.2,148.6,79.9,37.2,20.0,0.688
0,79.6,96.0,172.1,71.5,35.81,11.4,0.462
0,64.5,97.2,126.3,67.3,38.04,14.4,0.511
0,58.0,97.5,110.7,75.2,37.64,14.0,0.524
0,75.2,92.9,129.7,65.2,36.45,17.4,0.58
0,91.8,94.0,117.5,87.3,36.25,18.9,0.782
0,76.1,98.3,137.7,56.1,36.94,10.4,0.552
1,100.7,95.7,99.9,74.5,35.79,16.0,1.007
0,56.2,100.0,162.3,82.7,35.4,19.3,0.347
0,77.8,99.8,136.6,79.8,36.48,9.0,0.57
0,59.2,99.2,93.4,68.1,36.71,15.8,0.634
0,83.5,100.0,109.9,83.3,36.87,11.4,0.759
0,91.3,97.3,135.9,66.3,36.37,13.6,0.672
0,71.7,99.1,142.0,75.8,37.69,8.0,0.505
0,45.0,96.1,100.4,83.2,35.75,21.3,0.448
0,81.0,100.0,134.1,81.1,36.0,14.6,0.604
1,84.6,100.0,88.9,68.6,37.14,12.9,0.951
0,84.1,97.5,120.5,89.2,35.99,17.2,0.698
0,96.5,98.4,140.9,77.0,35.96,12.0,0.685
0,61.9,100.0,112.6,84.2,36.89,11.7,0.55
1,88.2,97.1,96.4,92.8,36.06,21.7,0.915
1,95.9,95.9,124.5,88.3,36.71,22.9,0.77
0,51.3,99.6,111.7,88.3,36.31,13.8,0.459
0,82.8,97.7,132.7,78.1,36.2,20.1,0.624
0,70.4,97.9,106.9,84.7,35.33,17.4,0.659
0,76.8,95.5,108.9,78.3,36.9,10.6,0.705
0,83.2,93.4,87.6,62.7,35.93,12.5,0.949
0,70.7,98.1,124.9,79.3,36.68,21.9,0.566
0,67.9,99.7,119.3,78.8,36.44,10.6,0.569
1,78.5,97.0,101.8,82.4,36.66,24.7,0.771
0,61.7,100.0,125.3,74.6,36.7,13.8,0.492
0,61.7,95.8,139.5,67.6,36.94,22.0,0.443
0,88.2,95.0,118.3,83.2,36.29,14.8,0.745
0,60.8,97.3,126.6,61.6,37.67,19.0,0.48
0,88.0,97.3,126.6,92.0,35.51,21.3,0.695
1,84.9,99.3,101.5,73.5,36.64,21.3,0.837
0,52.1,95.6,157.0,78.7,37.39,13.8,0.332
0,67.8,100.0,114.0,82.1,37.13,12.7,0.595
0,95.9,100.0,133.2,82.5,36.12,15.7,0.72
0,63.3,97.4,135.1,60.5,36.23,11.1,0.468
0,71.0,100.0,119.6,85.1,36.1,16.9,0.594
0,84.9,95.0,132.3,79.3,37.22,12.9,0.642
0,89.8,100.0,126.2,69.0,36.28,20.1,0.711
0,74.2,100.0,97.9,67.8,36.98,13.8,0.758
0,69.0,99.6,116.4,72.3,36.99,9.4,0.593
1,99.3,97.5,111.6,61.7,38.46,21.3,0.89
1,104.1,90.4,114.2,94.9,37.02,16.7,0.912
1,92.7,96.0,99.8,92.3,36.23,16.1,0.928
0,79.3,96.0,141.1,81.0,35.78,20.2,0.562
0,65.9,95.2,149.2,73.5,36.61,19.3,0.441
0,65.5,97.8,138.6,73.8,36.72,13.1,0.473
0,85.8,96.5,143.6,84.3,35.25,14.3,0.598
0,84.3,95.5,116.1,95.3,36.3,11.8,0.726
1,99.0,95.0,111.2,69.7,37.01,10.4,0.891
0,87.8,95.8,108.8,63.7,36.43,18.2,0.807
0,55.5,100.0,132.9,93.0,37.48,17.5,0.417
0,93.8,95.9,125.9,56.3,35.71,18.9,0.745
0,63.0,96.3,120.7,64.9,37.27,20.9,0.522
0,72.2,96.4,144.0,73.3,37.44,18.9,0.502
0,81.8,98.3,128.9,58.8,37.47,19.3,0.634
0,107.9,98.6,107.7,88.2,35.7,8.1,1.002
1,124.6,90.2,110.4,85.4,37.02,14.8,1.129
0,87.1,100.0,133.6,69.7,36.33,19.7,0.652
0,75.3,100.0,139.7,90.1,35.82,11.6,0.539
0,86.0,95.0,131.4,91.9,36.51,16.3,0.655
0,91.3,95.2,154.2,74.8,36.17,18.0,0.592
0,73.2,96.4,149.8,71.0,37.44,17.7,0.489
1,104.9,95.7,129.5,100.9,37.16,17.4,0.81
0,81.5,98.0,107.7,83.9,35.99,18.3,0.756
1,85.5,92.8,99.7,78.8,36.29,16.7,0.857
0,88.0,94.8,115.4,91.0,36.53,10.4,0.762
0,84.3,100.0,134.8,79.3,36.75,17.9,0.626
0,90.6,95.3,153.1,70.4,37.5,17.1,0.592
0,68.7,100.0,129.1,76.9,37.28,10.5,0.532
0,69.6,98.4,141.9,87.4,36.84,21.2,0.491
0,61.5,93.2,117.8,54.1,36.62,18.0,0.522
0,84.6,99.0,132.6,72.8,35.56,10.8,0.638
1,89.7,97.2,136.0,91.2,37.7,12.9,0.659
1,84.9,96.4,88.3,70.4,36.49,13.9,0.961
1,103.1,98.1,115.0,93.0,37.89,13.9,0.897
0,77.9,98.6,138.1,91.6,36.94,17.1,0.564
1,88.0,99.2,126.7,75.3,38.22,12.3,0.695
0,61.6,100.0,101.7,69.7,37.22,20.3,0.606
0,72.2,98.5,80.7,72.8,35.8,20.0,0.895
0,88.4,94.2,115.8,105.3,36.37,18.4,0.764
0,90.7,96.4,120.8,96.6,36.68,16.2,0.751
0,73.6,100.0,107.0,77.4,36.19,19.6,0.688
0,76.9,99.2,124.4,69.3,36.54,15.0,0.618
0,55.2,100.0,130.6,77.3,35.84,13.2,0.423
0,72.6,100.0,133.4,78.7,36.8,20.5,0.545
1,91.4,98.1,81.9,62.3,36.97,17.2,1.115
0,86.6,98.2,99.7,76.9,36.1,13.4,0.869
1,85.5,97.4,116.8,90.5,38.16,14.4,0.732
0,78.7,93.3,131.7,56.2,36.84,13.2,0.598
0,78.1,97.5,130.3,85.1,36.23,23.7,0.599
0,68.1,100.0,130.0,91.1,35.66,16.0,0.524
1,88.5,96.1,115.5,69.8,36.84,16.6,0.766
0,84.3,98.5,116.4,94.6,36.62,18.7,0.724
1,85.4,99.5,109.6,68.4,37.35,11.4,0.779
0,70.1,95.3,135.1,80.9,36.7,20.2,0.519
0,45.7,96.4,106.4,72.6,35.96,13.7,0.43
1,94.5,95.1,136.5,72.6,37.97,23.0,0.692
0,70.8,95.5,125.5,69.2,37.1,14.8,0.564
0,65.1,94.4,121.2,83.7,36.62,19.9,0.537
0,88.4,95.3,110.8,85.3,36.92,8.0,0.798
0,72.1,100.0,99.0,75.3,37.13,11.5,0.729
0,93.9,95.3,111.0,61.0,35.8,14.9,0.846
0,87.3,97.8,116.4,80.4,36.91,8.3,0.75
1,88.3,96.3,81.7,80.6,36.48,18.3,1.08
0,57.5,100.0,118.6,73.6,37.16,17.2,0.485
0,96.2,100.0,137.7,96.5,36.28,12.2,0.698
0,81.9,99.6,131.6,58.8,36.38,15.9,0.622
1,72.5,98.2,113.6,51.6,37.96,19.1,0.638
0,80.2,96.9,122.8,68.0,37.66,8.0,0.653
0,51.4,94.6,112.5,83.8,35.0,11.2,0.456
0,84.1,100.0,124.5,64.4,37.61,14.7,0.676
0,62.6,95.7,148.2,65.2,36.75,16.1,0.422
0,57.7,99.1,138.5,86.5,36.3,15.8,0.417
0,55.2,100.0,130.9,81.1,36.09,19.4,0.422
0,94.7,96.2,113.6,80.1,36.14,17.8,0.833
0,68.6,100.0,134.7,84.6,36.32,18.6,0.509
1,101.0,99.3,93.3,71.3,36.01,10.7,1.082
0,70.0,100.0,117.7,71.8,35.85,16.6,0.594
0,52.4,96.4,131.9,84.9,36.07,14.8,0.397
0,61.3,94.4,134.6,61.2,37.03,21.6,0.455
0,96.5,96.3,133.4,52.4,36.84,16.7,0.724
0,75.7,98.0,127.0,71.2,37.19,13.5,0.596
0,69.8,97.6,118.7,86.2,36.75,19.2,0.588
0,80.4,96.6,131.1,78.8,35.89,18.1,0.613
1,85.5,92.9,105.8,85.4,37.15,12.9,0.808
0,94.8,98.6,107.6,53.8,36.1,14.7,0.88
1,99.7,100.0,123.0,79.5,37.25,14.7,0.81
0,72.6,98.6,124.9,83.2,35.98,20.7,0.581
0,58.1,99.0,91.0,61.1,36.32,16.8,0.639
0,71.8,98.9,129.7,85.5,36.55,18.8,0.553
0,81.9,98.5,135.1,74.8,37.27,14.1,0.606
0,63.5,99.7,120.7,109.8,36.92,17.3,0.527
0,63.6,98.4,162.4,52.1,36.81,21.0,0.392
1,83.2,96.7,110.4,91.1,38.12,14.6,0.753
0,77.3,95.6,115.9,71.7,35.51,16.4,0.667
0,78.5,96.9,115.3,58.2,36.07,10.8,0.681
0,66.6,98.3,120.7,70.2,36.04,13.1,0.552
0,74.5,96.7,116.4,79.1,35.56,14.7,0.64
0,64.1,98.3,98.1,87.4,36.3,12.0,0.654
1,91.4,98.6,112.7,94.9,37.28,21.0,0.811
0,93.5,99.5,120.3,91.6,36.39,12.8,0.777
0,50.3,100.0,142.9,65.4,36.57,19.0,0.352
0,64.1,97.7,159.4,88.4,35.59,16.7,0.402
0,55.6,94.4,144.7,80.3,36.24,16.1,0.384
0,68.2,96.7,108.8,68.8,36.48,21.6,0.627
0,76.7,97.6,110.2,73.7,37.25,8.0,0.697
0,56.3,93.1,119.3,68.2,35.63,15.3,0.472
0,64.2,100.0,152.3,76.4,36.48,11.9,0.421
0,62.9,97.8,119.2,68.0,37.56,8.5,0.528
0,81.1,98.4,99.4,64.7,36.49,11.5,0.816
0,79.0,100.0,113.5,81.3,35.32,16.1,0.697
0,67.2,96.0,134.9,82.9,37.7,13.2,0.498
0,80.7,98.9,133.7,73.9,37.31,19.4,0.603
0,69.8,97.2,118.6,91.0,37.41,15.2,0.589
0,73.9,97.1,133.6,73.1,35.58,14.8,0.553
1,103.1,95.6,83.4,72.7,37.86,14.8,1.237
0,98.1,100.0,123.8,83.3,36.26,15.6,0.793
0,58.5,96.6,136.6,74.5,36.44,14.4,0.428
0,90.4,99.2,107.8,76.9,36.31,12.8,0.839
1,90.2,93.0,107.8,48.3,37.46,19.8,0.837
0,60.8,100.0,90.3,76.2,36.67,13.6,0.673
0,90.3,100.0,149.0,55.9,37.14,14.5,0.606
1,101.1,97.7,109.8,62.6,36.85,17.6,0.921
0,61.2,97.0,126.1,61.3,36.73,17.2,0.485
0,64.2,98.5,132.3,64.5,36.14,12.6,0.486
1,93.3,100.0,147.7,70.0,38.07,18.9,0.631
0,82.1,93.3,119.4,70.6,35.78,18.0,0.687
1,86.3,99.4,112.8,83.3,37.09,16.7,0.765
0,83.1,95.3,124.9,78.4,37.06,14.4,0.665
0,83.9,97.5,143.8,55.1,37.61,14.5,0.583
0,58.1,96.9,119.1,76.9,37.77,15.2,0.488
1,93.7,96.5,105.8,79.5,36.7,11.3,0.886
1,95.5,97.5,95.8,72.4,37.17,15.9,0.997
1,74.6,94.8,101.2,75.3,38.04,19.4,0.736
0,77.3,100.0,136.7,78.1,36.75,19.3,0.566
0,55.0,93.2,116.5,84.4,36.05,14.6,0.472
0,85.7,98.8,111.7,58.7,36.53,20.0,0.768
0,86.6,96.7,109.8,73.3,35.89,23.2,0.788
0,77.1,94.7,123.4,92.6,37.06,14.8,0.624
1,94.9,98.0,117.9,91.6,37.55,18.6,0.804
0,73.0,93.8,117.4,85.4,36.72,8.0,0.622
0,86.5,97.6,144.9,81.9,35.67,11.2,0.597
0,62.7,94.1,148.1,94.2,37.52,16.3,0.423
0,77.6,98.6,94.6,97.1,35.56,12.2,0.821
0,75.4,95.3,127.6,74.6,35.72,23.7,0.591
0,81.4,96.4,108.8,65.3,36.68,18.3,0.748
0,72.5,98.2,117.8,73.0,36.98,19.7,0.615
0,76.0,95.6,127.3,110.1,37.1,15.9,0.597
0,90.4,97.4,118.4,58.7,36.75,12.2,0.764
1,71.4,93.9,125.9,70.8,38.03,14.0,0.567
0,53.9,99.0,133.4,60.5,36.85,17.0,0.404
1,104.2,100.0,127.0,77.4,37.52,13.6,0.821
1,98.7,100.0,111.0,62.8,37.35,18.6,0.889
0,58.6,97.7,111.3,74.8,35.89,18.7,0.527
1,88.3,99.4,97.5,54.5,36.68,16.0,0.906
1,70.5,93.2,107.5,82.8,38.29,9.1,0.656
0,82.0,100.0,155.4,89.4,36.45,22.5,0.528
0,82.4,99.4,108.5,71.8,36.33,15.2,0.759
1,74.5,96.3,101.7,74.5,36.92,26.3,0.732
0,66.2,100.0,127.4,74.2,36.47,18.5,0.52
0,67.6,96.9,120.1,78.0,36.24,15.2,0.563
0,64.3,96.4,118.7,75.6,36.46,17.7,0.541
0,65.5,98.6,146.0,84.4,37.8,8.3,0.449
0,77.0,94.9,131.3,89.6,36.7,19.9,0.586
0,67.3,100.0,113.0,67.0,35.87,25.8,0.595
0,88.2,95.0,114.8,72.6,35.74,8.1,0.769
1,100.3,95.0,113.5,85.9,38.34,14.9,0.884
0,69.3,95.3,136.9,60.4,36.64,15.6,0.506
0,81.6,99.3,116.8,54.3,37.1,19.3,0.699
1,85.5,96.0,91.5,78.5,36.26,24.0,0.934
1,85.1,94.3,121.2,81.5,37.02,17.5,0.702
1,79.1,96.0,95.9,68.1,37.82,24.1,0.825
0,89.1,97.4,159.1,69.6,36.34,16.6,0.56
1,85.2,94.7,105.6,67.6,37.12,17.7,0.807
0,59.4,94.7,119.2,66.5,35.82,17.2,0.498
1,91.0,100.0,126.4,83.6,38.22,20.6,0.72
1,91.3,95.4,117.1,63.0,36.99,14.4,0.78
0,66.6,96.7,117.1,73.1,36.51,19.1,0.568
0,78.6,96.6,129.2,66.0,36.59,11.3,0.608
0,88.2,96.5,147.9,60.0,36.44,14.9,0.597
0,74.9,99.0,135.0,85.6,36.48,13.6,0.554
0,94.1,99.8,147.1,70.3,35.09,16.3,0.64
1,113.5,96.8,104.2,78.1,36.73,14.8,1.089
0,66.2,94.5,127.4,59.4,36.7,20.3,0.52
0,57.3,100.0,124.6,67.8,37.14,12.7,0.46
0,82.6,97.3,128.0,84.3,36.43,9.4,0.645
0,88.8,100.0,145.4,104.5,36.26,10.8,0.611
0,74.5,92.1,118.2,54.3,36.79,19.8,0.63
0,99.8,98.0,115.1,73.8,35.67,12.3,0.867
0,57.9,100.0,131.1,80.5,36.9,17.5,0.442
0,88.4,96.7,91.8,69.2,35.5,14.9,0.963
0,68.9,97.0,118.0,85.3,37.58,19.1,0.584
1,103.8,98.2,119.7,66.5,37.28,15.1,0.867
1,107.9,96.2,106.4,77.7,36.15,26.5,1.014
0,66.5,96.8,140.0,70.3,37.26,23.2,0.475
0,69.8,96.7,103.9,89.4,36.88,14.8,0.671
0,90.9,96.0,119.7,68.6,36.09,14.3,0.759
0,72.2,100.0,127.0,72.1,35.38,27.9,0.569
0,77.3,98.6,145.0,86.4,37.02,11.9,0.533
0,78.4,98.1,121.8,64.7,36.24,15.8,0.643
0,49.2,99.4,137.9,76.8,37.57,16.1,0.357
0,77.8,96.9,133.9,56.0,36.81,16.0,0.581
0,67.7,95.6,124.1,64.0,36.31,9.4,0.545
1,70.6,96.1,103.5,80.2,38.06,17.9,0.682
1,99.7,97.5,97.6,65.1,37.2,12.3,1.021
0,59.2,95.0,123.8,70.0,35.0,21.5,0.478
0,90.2,96.3,112.8,81.4,36.46,10.5,0.8
0,73.8,96.3,137.6,69.6,35.83,16.2,0.536
0,73.8,100.0,134.7,85.1,36.24,8.0,0.548
0,89.9,90.8,118.9,78.4,36.7,8.0,0.756
1,83.1,97.1,102.3,80.8,37.05,12.8,0.812
0,86.6,100.0,130.7,89.7,36.98,13.3,0.662
1,92.5,97.8,104.7,79.5,37.55,21.6,0.884
0,73.0,99.3,109.1,92.9,37.25,15.8,0.669
1,68.8,97.7,105.3,86.0,37.2,20.9,0.653
0,61.7,95.9,119.6,70.2,36.94,14.6,0.516
0,65.6,92.1,141.9,90.2,37.7,18.3,0.462
1,122.2,98.0,121.9,78.9,36.58,13.2,1.003
1,96.7,95.6,114.5,71.7,36.6,13.0,0.845
0,57.7,95.6,96.1,79.1,35.47,9.1,0.601
0,58.2,96.3,131.4,88.2,37.54,17.3,0.443
0,85.2,100.0,108.7,81.0,36.75,17.0,0.784
1,86.2,100.0,124.0,96.0,38.85,19.0,0.695
0,86.2,98.0,116.0,88.0,36.52,16.8,0.744
0,74.2,96.4,136.2,81.8,36.86,23.7,0.544
0,76.1,94.7,119.3,64.7,37.18,16.7,0.638
0,82.9,98.6,121.0,74.0,36.03,19.8,0.685
0,79.3,100.0,130.3,76.8,37.05,14.8,0.609
0,45.0,96.9,157.8,83.7,36.82,12.5,0.285
0,74.6,91.8,137.1,83.0,36.59,18.7,0.544
0,65.2,99.1,120.5,77.9,37.62,15.7,0.541
0,80.6,99.9,122.1,77.3,36.17,19.2,0.661
1,122.8,93.7,113.1,83.9,36.99,17.3,1.086
1,83.5,97.9,105.9,66.6,37.82,13.0,0.789
0,73.3,98.6,112.6,94.7,36.31,20.1,0.651
0,91.8,97.3,108.9,53.5,36.59,12.7,0.843
1,85.2,95.6,133.1,92.0,38.44,18.4,0.64
1,84.3,99.9,103.8,75.5,37.13,20.9,0.812
0,87.1,96.5,144.7,87.0,36.45,14.5,0.602
1,108.8,93.9,134.8,80.0,37.36,20.4,0.808
0,61.0,92.6,122.3,79.8,36.4,17.5,0.499
0,85.1,100.0,122.0,82.1,35.7,19.2,0.698
0,64.1,99.0,112.5,84.9,37.76,12.8,0.57
0,86.3,97.7,126.6,72.4,36.03,16.8,0.682
0,64.2,96.4,140.5,87.4,38.52,10.6,0.457
0,71.7,96.2,110.0,64.1,36.46,22.5,0.652
1,73.6,94.9,95.9,75.9,38.29,8.3,0.767
0,92.6,96.5,134.0,85.2,35.84,14.7,0.692
1,91.8,92.4,127.5,86.9,37.52,12.5,0.72
0,59.3,95.7,103.0,81.1,37.15,18.6,0.576
1,78.8,96.8,109.5,71.7,37.39,23.3,0.72
0,67.4,99.0,107.4,85.9,37.48,18.5,0.627
0,59.1,97.4,109.7,68.6,36.45,27.3,0.539
0,74.7,99.4,116.5,95.3,35.88,10.8,0.642
0,73.4,100.0,117.5,75.1,36.76,11.1,0.625
1,114.4,100.0,110.9,59.1,36.96,12.6,1.031
0,84.5,98.6,109.1,62.9,36.47,16.5,0.774
0,57.3,97.5,118.1,76.5,36.99,12.1,0.485
0,69.5,95.1,124.9,77.5,37.03,13.1,0.557
0,93.3,99.3,116.6,97.7,36.16,18.4,0.8
0,109.3,100.0,141.7,64.6,37.08,11.3,0.772
0,54.2,98.3,130.6,76.4,36.61,11.7,0.415
0,49.8,100.0,95.0,64.3,36.31,14.5,0.524
1,106.1,93.8,130.9,70.6,37.35,14.8,0.81
0,83.8,94.7,132.3,94.5,36.26,19.8,0.634
0,65.0,99.6,114.6,63.5,36.48,12.6,0.567
1,86.0,98.1,96.6,82.5,36.85,13.3,0.891
0,45.0,100.0,122.1,80.3,37.76,18.2,0.368
0,78.1,97.5,121.9,75.7,36.93,19.0,0.64
1,82.9,95.4,102.9,81.7,37.17,21.4,0.806
1,91.9,97.0,97.3,63.2,36.59,17.8,0.944
0,62.8,93.8,120.5,94.2,36.75,16.5,0.521
0,79.3,94.8,118.0,97.2,36.77,18.2,0.672
0,64.1,99.8,114.9,76.5,37.01,15.0,0.558
0,81.8,99.6,120.6,102.7,36.59,15.0,0.679
0,64.6,98.4,103.3,71.6,37.74,9.3,0.625
0,71.9,93.4,114.6,80.4,36.54,19.4,0.627
0,63.1,96.6,131.1,91.8,35.6,16.8,0.481
1,87.8,94.6,116.1,71.0,38.72,19.0,0.756
0,90.9,100.0,93.6,60.8,36.57,8.0,0.971
1,74.5,96.1,114.0,58.3,37.72,15.8,0.654
1,78.6,94.9,103.8,98.7,37.78,12.7,0.757
0,56.3,97.6,126.5,70.2,37.46,21.7,0.445
0,73.5,96.0,127.4,74.0,36.66,18.3,0.577
1,77.2,100.0,93.8,63.8,37.0,16.9,0.824
0,117.3,95.7,134.9,86.4,35.91,14.4,0.87
1,61.3,94.1,103.1,67.4,38.19,17.5,0.595
0,100.0,92.3,148.5,70.6,36.2,12.5,0.673
0,93.0,97.4,121.2,79.3,36.62,15.6,0.767
1,82.2,96.2,100.8,64.3,36.87,13.8,0.815
1,104.4,94.1,102.6,74.0,36.72,24.6,1.017
0,83.6,100.0,127.9,91.4,36.34,21.6,0.653
1,83.8,99.1,115.3,80.7,37.78,20.0,0.727
0,77.2,97.4,120.4,77.4,37.47,10.3,0.641
0,96.4,100.0,149.4,78.4,37.03,19.3,0.645
0,94.4,99.1,110.1,71.7,36.52,16.7,0.858
0,68.6,95.5,123.0,98.0,37.54,20.6,0.558
0,58.2,95.0,146.1,67.1,36.47,17.2,0.398
0,75.0,99.5,126.6,78.3,37.9,16.0,0.592
0,66.0,98.5,94.7,77.3,36.88,16.9,0.697
0,77.0,97.9,130.6,87.1,37.66,9.1,0.59
1,96.6,95.5,102.2,88.1,36.72,13.1,0.945
0,71.1,99.0,145.9,75.6,36.85,17.4,0.488
1,77.4,95.7,108.0,79.2,37.66,20.3,0.716
0,78.9,97.3,172.5,79.6,38.34,13.9,0.457
0,90.7,100.0,146.9,51.0,37.89,15.8,0.617
0,45.0,95.9,108.5,58.5,37.41,9.9,0.415
0,68.9,93.7,122.3,69.3,37.21,21.5,0.563
0,81.2,95.0,134.8,69.8,36.45,20.2,0.602
0,96.0,99.9,135.3,62.8,37.01,18.5,0.709
0,70.6,98.1,129.5,84.2,36.16,17.5,0.545
0,49.9,97.2,143.3,76.0,37.06,21.9,0.348
0,87.3,96.3,119.9,73.6,37.11,12.9,0.728
0,68.5,98.7,115.8,62.2,35.43,12.5,0.591
0,60.2,95.5,116.1,75.5,36.83,20.0,0.518
0,68.6,98.2,136.6,47.1,37.09,19.8,0.502
0,75.2,95.7,128.2,74.2,36.74,11.5,0.587
0,68.9,95.3,127.0,76.7,37.05,14.0,0.543
0,45.0,96.0,135.5,78.7,35.86,22.4,0.332
1,91.5,96.6,87.1,58.8,36.26,17.6,1.05
1,97.1,97.4,127.3,78.5,37.52,19.0,0.763
0,87.8,98.1,125.7,64.5,36.8,11.6,0.698
0,60.9,88.6,150.4,67.1,37.04,18.5,0.405
0,75.0,95.6,96.0,83.9,36.42,10.6,0.781
0,77.9,96.6,148.5,98.2,36.81,8.5,0.525
0,87.0,100.0,123.3,76.6,35.19,18.8,0.706
1,88.0,94.9,130.3,67.0,37.39,21.5,0.675
0,67.0,97.9,150.5,78.1,38.07,15.0,0.445
0,79.2,100.0,131.5,86.3,36.05,13.9,0.602
0,84.9,94.3,128.8,82.8,36.14,22.5,0.659
1,99.8,98.4,126.1,106.2,37.11,15.3,0.792
1,88.6,95.6,113.8,68.1,37.83,15.8,0.778
1,89.8,96.3,121.5,78.8,36.8,22.4,0.739
0,79.3,95.6,109.8,93.0,35.94,14.7,0.722
1,99.2,95.7,121.2,92.3,36.65,13.5,0.818
1,84.1,100.0,82.3,54.5,36.08,19.1,1.023
0,65.1,99.5,129.3,76.0,36.33,13.3,0.503
0,99.1,100.0,119.9,92.3,36.59,15.5,0.826
0,88.5,98.7,116.3,107.8,36.15,11.0,0.761
0,71.4,93.6,125.7,83.7,36.26,16.7,0.567
0,70.8,98.4,97.6,72.0,36.85,16.3,0.725
0,82.4,100.0,154.8,64.9,36.95,19.7,0.533
0,84.9,95.5,120.3,100.4,35.8,19.3,0.706
0,81.0,99.8,119.5,84.0,37.08,18.1,0.677
0,82.7,99.2,105.6,66.7,36.53,17.5,0.783
1,103.5,100.0,122.4,73.8,37.3,15.7,0.846
0,94.1,96.5,145.6,79.4,37.35,18.3,0.646
0,80.9,94.9,139.6,82.0,36.42,11.8,0.579
0,92.1,96.6,136.5,66.1,37.23,8.0,0.675
0,62.5,100.0,131.3,69.2,36.21,20.4,0.476
1,84.0,93.1,115.9,57.8,37.73,18.6,0.724
1,105.1,92.5,97.3,87.4,36.24,15.5,1.08
0,74.7,97.7,118.6,72.2,37.05,20.1,0.63
0,65.3,96.4,118.0,81.1,36.67,13.2,0.553
0,68.2,97.5,139.8,91.6,36.09,13.3,0.488
0,61.7,99.8,127.3,78.4,37.43,12.8,0.484
0,66.2,96.2,149.4,74.8,36.37,18.2,0.443
0,72.4,93.0,142.4,78.1,35.61,10.0,0.509
0,56.9,100.0,114.2,76.7,35.0,13.1,0.498
0,78.2,95.1,91.5,89.7,36.19,17.1,0.855
1,91.5,95.0,145.6,79.4,37.76,11.4,0.629
0,64.4,100.0,145.1,70.0,37.68,13.5,0.444
1,100.8,96.6,98.8,87.5,36.3,8.0,1.02
0,85.7,97.3,147.7,89.5,36.54,18.3,0.58
0,93.5,98.7,128.5,61.3,36.47,13.4,0.727
0,68.1,100.0,124.7,92.9,35.87,11.8,0.546
0,90.8,96.7,149.5,80.0,36.14,11.1,0.608
0,61.6,100.0,144.9,79.1,37.49,14.4,0.425
0,91.4,92.4,133.1,87.1,37.15,10.0,0.686
0,80.6,99.3,130.0,69.8,36.99,23.4,0.62
0,86.3,95.5,132.5,86.5,35.87,8.0,0.651
0,60.4,100.0,115.2,71.9,36.87,14.3,0.524
0,64.6,97.8,121.1,59.8,35.19,16.4,0.533
1,87.0,95.9,106.7,65.0,37.39,13.1,0.815
0,63.8,99.1,116.3,82.2,36.98,16.8,0.548
0,84.9,99.6,115.8,65.6,35.86,13.0,0.734
0,57.5,99.0,111.2,93.7,37.93,21.8,0.517
0,90.7,95.0,124.3,89.1,35.54,11.7,0.73
0,59.5,96.3,116.5,90.7,37.17,8.0,0.511
0,86.3,97.5,130.5,77.4,37.19,11.1,0.661
0,87.4,97.4,94.4,78.8,35.93,17.5,0.925
0,67.5,99.3,120.1,62.9,36.77,15.6,0.563
0,86.7,92.7,124.2,87.0,35.65,18.9,0.698
0,81.9,98.3,116.7,80.2,35.0,17.9,0.702
0,69.9,96.8,119.1,82.2,36.05,13.6,0.587
0,62.9,95.5,95.1,94.6,36.37,14.1,0.661
0,48.6,95.7,128.1,69.3,37.25,14.5,0.379
0,83.2,97.0,133.0,74.6,36.85,23.2,0.626
0,54.5,88.9,130.4,79.6,36.87,18.6,0.418
0,79.4,95.8,139.7,65.7,36.09,23.2,0.569
0,74.0,95.4,125.4,73.9,36.43,19.2,0.59
0,88.2,98.8,130.1,81.4,36.15,15.8,0.678
0,73.5,95.6,124.7,72.4,35.94,12.1,0.589
0,73.1,97.0,133.7,90.4,36.38,16.8,0.546
1,89.0,100.0,95.2,59.4,36.85,15.8,0.935
0,83.0,99.9,106.8,88.4,36.4,15.6,0.777
0,82.7,99.7,149.0,83.3,36.57,15.2,0.555
1,85.0,96.3,80.2,69.7,37.29,8.2,1.061
0,55.0,98.8,119.6,65.8,36.45,20.8,0.46
0,89.4,96.9,141.9,53.1,35.87,15.8,0.63
0,87.2,97.0,120.4,67.3,37.19,10.6,0.724
0,62.7,98.5,115.1,87.5,36.99,17.8,0.545
0,74.3,96.1,124.2,75.4,37.03,12.7,0.599
0,77.4,100.0,116.0,88.8,37.24,18.1,0.667
0,76.0,97.1,122.5,69.2,37.12,19.4,0.62
0,83.0,99.0,110.4,83.8,36.82,19.9,0.752
1,99.5,100.0,140.8,68.1,38.47,15.4,0.706
0,94.2,100.0,146.2,65.4,35.9,14.4,0.645
0,58.3,94.1,119.7,74.8,36.39,13.6,0.487
1,87.3,98.6,98.4,68.7,37.48,13.3,0.887
1,97.9,99.5,113.1,59.0,36.9,15.9,0.866
0,83.8,99.6,118.9,74.0,37.33,15.2,0.705
0,94.4,94.8,130.6,77.2,36.92,12.9,0.723
1,108.2,95.9,104.9,90.0,37.76,11.7,1.032
0,93.4,99.9,108.9,86.3,36.09,15.6,0.857
1,81.7,95.7,130.7,89.4,37.74,14.4,0.625
1,93.7,96.8,138.0,83.9,37.62,11.7,0.679
0,80.2,100.0,111.4,79.7,35.95,19.2,0.719
1,78.4,97.4,99.3,62.5,37.24,22.7,0.789
0,72.7,95.8,177.8,77.6,36.77,19.7,0.409
0,101.5,95.4,135.3,82.6,36.38,13.3,0.75
0,65.7,98.3,117.5,92.0,35.48,15.8,0.56
0,101.0,94.3,136.8,83.5,36.09,21.9,0.738
0,85.5,96.9,119.9,89.6,37.3,11.5,0.713
0,57.0,98.3,136.7,64.6,37.37,19.0,0.417
0,83.5,100.0,124.7,72.4,36.65,10.5,0.67
0,46.5,99.1,123.6,80.7,37.37,22.4,0.376
1,87.4,95.8,120.1,88.8,37.46,14.4,0.728
1,91.3,100.0,97.4,74.4,36.91,24.5,0.937
0,69.1,96.8,154.9,75.1,36.29,22.6,0.446
1,79.9,94.5,106.0,83.6,37.11,15.6,0.753
1,107.3,97.1,98.9,63.6,37.14,13.3,1.085
0,70.4,100.0,118.4,93.7,37.27,16.7,0.595
0,62.1,97.9,105.7,66.3,37.41,15.3,0.588
0,100.2,97.5,121.1,54.9,35.85,14.5,0.827
0,107.4,100.0,133.7,76.1,36.44,9.7,0.804
0,78.1,94.1,138.9,94.7,35.47,14.0,0.562
1,93.2,94.4,135.9,82.5,37.32,11.8,0.686
1,98.1,93.6,116.8,84.3,36.65,18.1,0.84
0,66.9,98.4,122.8,76.5,37.1,19.8,0.544
0,70.7,97.9,128.9,74.3,35.77,18.8,0.549
1,96.5,100.0,92.1,59.0,37.78,17.3,1.047
0,103.3,98.1,131.7,51.1,35.96,12.8,0.784
1,86.4,96.5,97.2,78.2,37.34,16.8,0.889
0,64.8,97.5,156.7,90.4,36.88,19.0,0.414
1,107.8,97.8,115.1,79.8,36.67,13.8,0.936
0,70.0,93.5,118.9,82.9,36.61,16.5,0.589
0,73.0,100.0,108.9,93.4,36.35,15.4,0.67
1,83.1,98.7,111.3,79.6,37.71,22.3,0.747
0,101.3,98.0,160.7,74.7,36.81,19.2,0.631
0,90.8,99.0,138.0,67.0,35.91,18.3,0.658
0,84.2,99.2,95.7,98.2,36.53,9.5,0.88
0,84.9,97.2,147.6,81.8,36.89,16.7,0.576
0,78.7,96.0,142.3,65.6,37.43,15.4,0.553
0,86.4,98.9,117.2,63.1,36.38,15.4,0.737
0,45.0,98.4,127.2,89.8,36.42,10.1,0.354
0,73.6,95.6,121.7,64.6,36.82,11.9,0.604
0,81.6,100.0,155.5,96.4,37.41,15.7,0.525
0,60.7,98.2,108.5,45.7,35.84,20.2,0.56
0,83.8,99.3,124.5,91.6,37.15,13.8,0.673
0,74.9,100.0,114.7,81.4,36.48,14.5,0.653
1,104.3,97.6,97.6,77.3,36.57,22.8,1.069
1,101.6,98.3,159.3,74.1,38.2,14.9,0.638
0,71.0,99.4,101.9,96.8,36.66,15.5,0.697
0,75.7,95.8,125.7,83.8,37.33,15.6,0.602
1,76.9,97.6,92.4,66.1,37.3,10.9,0.832
0,71.2,97.8,115.2,57.1,35.97,18.2,0.618
0,80.9,95.2,129.2,78.0,35.51,13.5,0.626
0,66.6,100.0,108.0,76.0,37.37,15.9,0.617
0,61.0,94.1,132.0,59.3,36.04,17.7,0.463
0,87.3,94.4,117.4,75.4,35.64,23.4,0.744
0,87.4,100.0,141.7,69.7,37.52,11.0,0.617
0,65.9,99.2,145.1,76.1,36.09,19.3,0.454
1,91.4,95.0,112.0,84.0,36.26,19.3,0.816
0,68.5,99.0,123.3,92.4,38.18,13.6,0.556
0,81.8,100.0,125.1,86.0,35.64,18.3,0.654
0,90.3,97.4,132.5,68.1,35.92,22.2,0.681
0,77.5,100.0,122.2,80.1,36.48,13.1,0.634
0,84.8,93.4,125.2,76.7,36.63,16.9,0.677
0,70.3,99.2,117.9,61.3,36.17,17.5,0.596
0,75.1,100.0,124.0,80.4,35.99,18.0,0.605
0,74.9,99.6,144.1,96.4,37.86,18.9,0.52
0,66.8,97.0,133.0,76.4,36.98,16.6,0.502
0,75.3,96.8,133.9,58.5,37.21,18.0,0.563
0,54.8,98.6,134.3,76.3,36.7,12.5,0.408
0,70.6,99.5,119.4,62.6,37.0,16.6,0.592
0,73.7,98.9,127.4,85.5,37.45,14.2,0.579
0,74.2,100.0,103.6,81.8,36.1,11.3,0.716
0,74.4,95.1,143.6,74.1,36.99,14.1,0.518
1,77.1,97.0,74.7,72.4,37.29,17.0,1.032
1,85.2,95.2,120.5,73.7,37.88,17.7,0.707
1,91.1,96.6,141.4,76.1,38.16,11.2,0.644
0,68.3,99.9,98.8,67.5,36.85,12.4,0.691
0,60.0,97.8,128.8,60.7,37.6,18.8,0.465
0,62.4,100.0,110.4,88.5,35.0,17.9,0.565
1,70.7,98.0,115.7,71.8,37.89,19.4,0.611
0,72.7,97.6,138.1,77.8,36.29,21.2,0.527
0,66.5,97.8,125.4,79.1,36.63,18.0,0.53
0,58.6,96.0,87.4,79.5,37.11,14.4,0.67
0,71.2,97.4,105.4,63.1,36.69,16.4,0.675
0,80.7,100.0,138.6,57.6,36.94,22.3,0.582
1,86.9,97.8,129.6,69.5,37.91,26.5,0.671
0,69.6,95.6,151.7,80.4,36.53,17.8,0.459
0,71.8,95.3,150.6,68.0,36.04,18.0,0.477
1,64.1,96.4,116.2,72.1,38.07,18.8,0.552
0,77.5,97.7,164.6,99.4,37.17,16.1,0.471
1,65.3,100.0,122.4,55.7,38.15,20.4,0.533
1,86.6,94.3,105.6,67.7,37.4,19.8,0.82
0,51.2,96.7,111.2,96.9,35.87,17.3,0.46
1,72.6,97.8,83.6,75.5,37.25,14.8,0.868
0,82.5,93.1,149.3,68.2,36.11,10.2,0.553
0,80.8,95.5,149.1,88.9,36.81,18.8,0.542
1,118.4,95.9,104.7,76.6,36.75,16.8,1.13
0,83.2,95.6,118.1,72.2,35.67,13.2,0.705
0,62.9,98.0,123.6,78.1,36.23,11.7,0.509
1,76.6,97.1,105.7,68.8,38.34,18.5,0.725
0,51.4,96.2,92.2,64.8,36.97,9.9,0.557
0,76.8,98.5,118.4,74.8,36.68,17.1,0.648
1,65.5,100.0,116.5,64.9,38.07,19.2,0.562
0,91.7,100.0,115.4,76.1,36.52,18.1,0.795
0,69.8,92.9,125.8,79.9,36.74,14.5,0.555
0,76.2,98.9,146.3,85.4,37.49,11.3,0.521
0,68.5,97.1,116.8,88.4,36.52,18.2,0.586
0,104.1,97.9,124.9,71.5,36.28,20.6,0.833
0,73.2,96.5,134.4,81.5,35.22,13.8,0.545
0,105.5,97.8,131.4,81.4,36.14,17.9,0.803
0,90.2,97.9,111.6,79.6,36.14,22.0,0.809
0,85.2,96.1,123.6,70.7,36.91,17.3,0.689
0,83.5,95.3,131.3,64.7,36.37,14.5,0.636
1,83.9,96.4,102.8,81.5,38.31,20.0,0.816
0,49.1,98.1,143.5,57.2,36.06,13.2,0.342
0,73.8,98.9,146.3,73.1,37.78,11.1,0.504
1,90.7,99.5,109.7,47.9,36.95,19.1,0.826
0,77.3,96.3,125.3,61.3,37.36,14.5,0.617
0,56.9,98.2,132.9,66.4,37.32,14.8,0.428
0,77.2,99.8,112.7,88.1,35.25,13.6,0.685
0,103.6,100.0,130.2,83.6,36.79,14.2,0.795
1,96.7,97.4,124.8,69.9,36.62,21.3,0.775
0,77.1,97.0,97.0,84.0,36.01,22.3,0.794
1,92.3,98.0,129.8,85.8,37.12,22.8,0.711
1,72.5,94.7,103.3,74.2,38.0,20.1,0.702
0,52.4,97.0,138.0,60.8,35.0,17.8,0.38
0,64.1,99.3,110.6,73.7,36.43,10.6,0.58
0,101.4,99.0,119.3,74.9,35.93,15.3,0.851
0,73.9,96.9,145.3,62.4,36.85,24.2,0.508
0,74.3,98.0,130.4,80.0,36.57,14.3,0.57
0,73.5,95.5,103.6,79.1,36.38,21.8,0.709
1,106.6,99.2,104.7,80.9,37.28,16.2,1.017
1,102.4,97.3,111.8,79.1,37.95,8.0,0.916
1,111.3,96.8,128.7,84.0,38.66,18.4,0.865
0,75.6,96.6,128.1,74.0,36.28,20.8,0.59
0,82.4,97.3,107.7,78.2,35.53,15.8,0.766
0,55.3,96.4,102.2,71.6,37.19,20.7,0.541
1,100.2,99.1,126.8,69.6,37.93,9.7,0.79
0,60.5,96.6,118.9,90.7,37.37,10.7,0.509
0,81.3,100.0,158.7,53.5,37.92,16.8,0.512
0,61.5,100.0,122.6,85.6,36.64,17.8,0.502
0,69.2,95.4,152.8,69.2,36.37,21.2,0.453
0,65.4,97.7,102.1,67.7,36.88,18.4,0.641
0,68.9,95.9,95.3,78.9,36.57,11.5,0.723
1,69.9,96.7,103.0,59.6,37.26,16.8,0.679
0,69.8,100.0,142.2,67.0,37.48,18.3,0.491
0,90.5,96.8,151.9,66.7,37.53,8.9,0.596
0,61.4,98.4,108.7,73.6,37.16,15.8,0.565
0,81.3,98.8,114.2,67.2,36.97,14.7,0.712
1,96.3,95.1,102.1,93.6,37.36,13.5,0.943
0,70.3,95.4,91.2,95.8,35.43,17.9,0.771
0,67.2,94.6,134.2,53.8,36.95,11.6,0.501
0,74.5,95.4,125.8,82.0,36.84,17.6,0.593
1,95.7,90.7,122.2,85.4,36.95,18.1,0.783
1,80.9,98.8,98.2,82.0,36.74,20.1,0.824
0,70.0,100.0,149.9,68.8,37.1,11.7,0.467
0,85.3,97.9,113.4,73.3,36.4,10.3,0.752
0,61.5,94.1,131.1,67.8,37.59,17.1,0.469
1,88.2,96.0,97.3,71.4,37.13,14.9,0.907
1,84.1,96.4,118.8,62.7,36.91,27.0,0.708
0,73.4,95.1,127.0,74.7,36.31,17.7,0.578
0,65.4,99.6,127.6,59.5,37.37,16.2,0.513
0,64.7,99.4,124.6,73.8,36.94,15.3,0.519
0,86.0,94.7,130.4,62.3,36.27,11.4,0.66
1,96.4,99.2,102.8,78.3,36.76,18.1,0.938
0,68.4,100.0,125.4,68.5,37.24,15.7,0.546
0,84.9,100.0,123.9,79.2,37.19,15.7,0.685
0,46.7,100.0,125.9,87.9,37.14,16.4,0.371
0,69.2,95.3,123.2,93.5,36.86,16.8,0.562
1,77.5,100.0,100.4,48.2,37.52,9.4,0.773
1,64.4,96.6,99.6,66.8,37.67,19.2,0.646
1,64.0,96.1,84.4,72.7,37.32,12.8,0.758
0,68.0,98.3,135.9,81.1,36.39,15.5,0.5
0,82.4,96.1,136.1,57.8,36.06,20.9,0.605
0,75.2,98.5,136.3,65.2,36.42,22.8,0.551
0,45.0,94.3,127.2,77.4,38.17,9.5,0.354
0,46.2,96.9,85.7,76.9,37.0,16.1,0.539
1,68.9,100.0,104.5,80.2,38.29,17.0,0.659
0,84.9,97.4,124.9,80.9,36.72,10.3,0.679
0,45.0,97.8,124.3,79.7,36.62,19.0,0.362
0,70.5,98.6,118.2,78.1,36.75,16.4,0.596
0,70.1,100.0,128.3,76.6,36.74,16.7,0.547
0,98.8,93.5,122.2,83.3,36.26,12.5,0.809
0,72.2,98.9,124.1,51.4,36.0,17.6,0.582
1,83.7,96.9,111.1,93.0,37.15,19.2,0.754
0,80.1,97.9,138.7,51.8,37.54,16.5,0.578
0,46.0,100.0,114.7,64.1,38.51,14.0,0.401
1,89.5,94.6,99.4,73.5,36.5,14.3,0.901
0,81.2,95.1,108.9,83.4,36.55,16.8,0.746
0,85.6,92.9,116.1,43.1,36.26,16.2,0.738
1,136.9,96.2,138.9,75.7,37.59,19.4,0.986
0,46.7,100.0,121.3,84.7,37.37,14.2,0.385
0,103.9,97.2,118.8,86.9,36.19,11.4,0.874
0,73.7,94.3,100.8,68.3,36.17,17.4,0.731
0,82.3,96.3,135.4,72.7,37.47,14.2,0.608
1,77.3,93.9,110.9,69.2,37.07,19.0,0.697
0,71.6,94.8,120.3,71.7,37.33,16.0,0.595
0,69.5,98.4,147.2,64.6,36.18,18.5,0.472
0,82.9,94.7,130.6,66.2,35.49,12.1,0.635
0,55.2,100.0,94.3,80.8,36.19,16.5,0.586
1,89.3,97.3,91.9,77.4,37.28,13.3,0.971
1,71.8,97.7,120.9,81.4,38.28,11.4,0.593
0,61.0,96.8,101.4,78.4,36.5,12.7,0.602
0,71.2,99.4,133.0,83.7,38.39,13.9,0.536
1,96.9,99.4,122.7,85.7,37.38,20.7,0.789
0,70.0,98.3,124.8,56.8,35.82,13.8,0.561
0,83.4,98.9,110.0,66.6,36.95,11.2,0.758
0,67.0,97.0,151.6,73.5,37.4,16.5,0.442
0,89.4,98.8,170.3,75.8,35.1,16.1,0.525
1,88.3,96.7,117.3,68.6,37.25,14.1,0.753
1,105.7,97.5,128.0,86.0,37.62,15.4,0.826
0,75.4,96.8,123.7,97.8,37.08,19.7,0.609
1,88.0,96.4,117.6,78.0,36.76,18.5,0.749
0,79.5,95.8,107.9,76.9,36.68,18.2,0.737
1,97.4,98.6,103.6,85.3,36.64,11.5,0.941
0,67.2,100.0,102.7,55.5,35.98,27.0,0.655
0,89.2,100.0,128.9,76.3,36.32,20.0,0.692
0,75.1,94.5,113.2,86.8,36.51,18.0,0.663
1,77.0,100.0,78.2,68.9,36.88,11.6,0.986
0,79.4,96.7,129.6,62.5,36.41,19.6,0.613
0,81.8,98.9,121.3,74.0,36.19,14.1,0.674
0,76.3,95.3,144.9,75.3,37.33,15.3,0.526
0,81.2,97.8,128.3,66.0,37.06,9.6,0.633
1,101.7,98.3,96.9,99.1,36.42,11.3,1.05
1,92.8,93.9,84.1,70.7,37.15,17.7,1.103
0,91.0,99.0,109.8,63.3,36.48,19.8,0.829
0,71.2,100.0,111.4,75.0,36.84,18.6,0.639
0,64.7,97.1,138.0,86.0,37.48,18.5,0.468
0,92.3,100.0,121.8,76.2,36.38,15.8,0.758
0,91.1,97.0,141.3,81.3,35.98,14.5,0.645
1,100.1,99.5,99.5,66.4,36.7,17.1,1.006
0,68.9,92.2,138.4,92.4,35.85,19.1,0.498
0,74.6,100.0,134.3,82.2,36.61,16.0,0.555
0,53.4,100.0,87.7,87.5,36.6,20.6,0.609
0,72.1,96.8,144.5,80.0,35.08,15.2,0.499
1,92.9,92.8,123.6,85.1,37.17,12.3,0.752
0,71.0,98.2,128.7,66.4,36.67,16.0,0.552
1,87.6,94.0,107.3,70.6,37.63,16.4,0.816
0,75.1,98.6,143.7,90.8,36.95,15.7,0.523
1,82.9,98.5,101.8,93.2,37.31,20.9,0.814
0,60.8,95.2,136.1,63.4,37.63,19.1,0.446
0,79.3,100.0,136.0,78.7,36.71,10.6,0.583
0,45.0,99.4,105.4,71.3,36.8,21.8,0.427
0,75.2,99.8,155.7,68.3,35.7,8.0,0.483
0,53.5,97.5,125.9,79.1,37.67,24.2,0.425
0,96.1,94.1,133.1,88.6,36.7,14.9,0.722
0,89.7,99.8,96.0,81.0,36.1,15.3,0.934
0,85.0,96.9,158.0,72.5,37.32,15.8,0.538
0,100.8,94.2,101.2,81.7,35.27,17.5,0.996
0,63.8,100.0,139.4,72.0,36.5,16.0,0.457
1,104.2,100.0,105.1,80.5,37.44,15.5,0.992
1,92.0,97.4,111.5,91.4,36.49,21.0,0.825
0,74.5,100.0,135.4,53.2,36.3,18.1,0.55
0,95.0,97.7,139.5,84.8,36.51,12.4,0.681
0,61.4,96.6,100.4,59.1,35.39,18.8,0.612
0,65.6,96.0,140.5,89.5,37.3,18.0,0.467
0,68.9,100.0,139.8,69.0,36.71,13.9,0.493
0,70.1,95.6,106.1,62.6,36.61,19.0,0.661
0,62.2,99.3,149.2,83.6,36.61,15.4,0.417
1,96.3,96.2,97.2,80.0,36.81,15.2,0.991
0,74.1,96.4,111.4,65.0,37.26,15.1,0.665
0,83.3,100.0,130.1,62.2,36.76,8.0,0.64
0,69.4,96.6,107.5,73.9,35.85,14.0,0.646
0,50.7,96.5,126.5,62.8,37.2,18.7,0.401
0,82.1,100.0,126.1,64.3,37.15,15.9,0.651
0,49.3,100.0,118.8,77.3,36.94,11.1,0.415
0,77.0,99.0,136.2,65.4,37.55,19.7,0.565
0,57.5,95.9,118.1,80.7,36.82,14.9,0.487
1,107.8,96.3,125.9,92.4,37.58,11.4,0.856
1,91.7,97.7,141.5,74.4,37.79,24.4,0.648
0,79.6,98.3,135.4,77.4,37.21,12.0,0.588
0,97.0,95.1,135.4,98.2,36.28,19.3,0.716
0,65.3,99.2,102.5,62.9,36.71,13.1,0.637
1,86.2,97.7,130.9,89.1,37.67,16.5,0.658
0,81.0,93.4,107.1,87.8,35.75,12.6,0.757
0,82.0,95.3,100.2,85.4,36.53,11.3,0.818
1,97.1,96.3,120.8,90.2,36.56,18.0,0.804
0,89.0,97.3,106.6,79.1,36.19,17.5,0.835
0,82.3,100.0,135.4,69.6,37.41,20.3,0.608
0,53.2,98.1,135.8,88.0,37.06,15.9,0.391
0,63.6,95.5,89.7,88.5,36.3,24.4,0.709
1,76.2,98.0,107.9,88.2,37.22,17.0,0.706
1,79.4,96.7,97.2,76.5,36.69,18.2,0.817
0,61.0,98.3,114.1,68.1,36.18,10.8,0.535
0,114.2,98.9,129.7,78.1,36.3,13.7,0.88
1,100.7,100.0,117.9,86.4,37.11,18.0,0.855
1,87.0,97.4,112.0,87.3,37.46,15.7,0.777
0,79.1,100.0,144.1,71.3,36.46,16.7,0.549
1,74.8,99.7,82.8,79.5,37.18,12.9,0.903
0,63.7,95.8,143.0,61.6,37.91,16.5,0.446
0,79.2,100.0,112.7,86.8,35.92,16.5,0.702
0,81.9,98.3,120.7,67.4,37.05,11.5,0.678
0,59.4,95.5,113.0,84.6,37.38,18.4,0.525
0,83.0,100.0,148.2,63.4,36.73,9.5,0.56
1,75.7,100.0,101.1,87.3,37.67,16.7,0.749
0,49.4,97.4,122.2,79.5,38.34,22.7,0.404
0,65.1,96.3,131.0,67.4,37.04,18.6,0.497
0,71.8,97.1,94.6,83.6,36.64,18.6,0.759
1,106.3,99.2,106.4,69.5,37.48,12.6,1.0
1,86.3,100.0,119.5,84.2,37.39,22.7,0.723
0,58.0,98.9,106.9,73.0,35.04,21.2,0.542
0,85.3,97.7,108.1,57.1,36.8,12.8,0.789
0,54.8,100.0,116.1,65.2,36.52,14.2,0.472
1,94.2,96.7,133.0,71.3,37.08,20.8,0.708
0,70.9,100.0,116.2,91.1,36.66,22.8,0.611
0,76.6,96.8,140.3,85.9,36.74,11.2,0.546
0,97.9,98.5,105.0,93.9,36.2,12.2,0.932
0,58.7,97.2,100.7,94.2,37.31,15.5,0.583
0,57.0,97.4,154.7,70.1,37.96,8.0,0.369
0,69.2,96.6,110.8,73.9,36.21,16.1,0.625
0,93.6,100.0,99.7,71.5,35.82,20.5,0.938
0,55.2,95.7,92.4,68.6,36.81,10.5,0.598
0,45.0,95.7,140.3,55.7,36.78,16.5,0.321
0,71.2,100.0,116.2,75.8,37.62,13.8,0.613
0,86.3,99.8,117.7,61.9,35.94,22.2,0.733
1,96.0,91.8,119.3,75.6,36.42,13.8,0.805
0,71.1,96.1,139.2,99.3,35.3,21.8,0.51
1,71.8,93.2,118.9,70.4,37.76,13.7,0.604
0,95.3,95.2,161.8,78.1,36.98,18.9,0.589
0,50.0,90.0,124.3,86.0,36.48,17.0,0.402
0,72.2,97.2,140.1,79.1,35.87,15.5,0.515
0,80.9,94.8,135.7,79.2,35.94,13.0,0.596
0,84.7,97.6,121.4,72.0,37.09,17.2,0.698
0,70.4,93.6,112.0,73.4,36.02,14.3,0.628
0,78.5,97.7,127.6,65.4,36.87,13.4,0.615
0,45.0,96.5,130.7,85.3,38.23,21.6,0.344
0,68.1,100.0,112.3,56.8,36.56,18.1,0.607
0,84.8,100.0,124.8,86.7,36.13,18.4,0.679
0,63.3,99.4,143.0,60.6,37.07,14.5,0.442
0,78.9,96.7,157.2,86.6,35.94,15.3,0.502
1,84.7,100.0,136.5,72.1,38.0,15.1,0.62
0,72.9,93.8,153.7,62.4,37.78,17.3,0.474
1,80.6,94.1,111.3,82.4,36.69,18.4,0.724
0,63.6,97.3,133.9,86.2,36.17,15.9,0.475
0,74.9,100.0,144.8,71.2,36.5,13.0,0.517
1,87.2,97.0,106.8,83.9,36.59,18.9,0.816
0,80.4,97.1,113.7,50.9,37.07,16.1,0.706
0,69.2,94.0,151.5,61.5,37.53,10.5,0.457
0,81.4,99.8,105.4,90.2,36.07,8.0,0.772
1,88.7,99.8,99.2,73.5,37.51,17.1,0.894
0,47.3,99.4,148.0,55.5,37.23,12.8,0.319
0,95.4,96.0,142.3,68.3,36.44,17.6,0.67
0,73.0,95.8,129.3,65.8,36.04,13.1,0.564
0,84.4,94.4,121.2,74.2,36.88,16.5,0.696
0,96.0,97.7,114.5,71.9,36.06,14.6,0.838
0,57.4,94.9,126.8,78.0,37.52,22.7,0.453
0,67.4,94.7,148.9,75.2,36.01,19.6,0.453
0,73.7,96.5,126.1,91.0,37.18,21.1,0.584
0,66.2,96.3,158.8,80.7,36.74,16.1,0.417
1,104.0,96.2,106.7,81.0,36.41,19.1,0.975
0,65.1,98.6,121.7,88.8,36.73,16.3,0.535
1,69.7,97.7,115.7,71.7,37.56,21.6,0.602
0,81.1,96.8,103.6,62.1,35.97,15.7,0.783
0,60.0,97.9,119.4,89.3,36.51,10.7,0.502
0,72.1,95.1,129.1,77.5,36.27,8.4,0.558
0,82.8,97.8,130.9,77.5,36.77,22.3,0.632
0,73.0,97.9,158.9,69.0,36.32,17.8,0.459
0,76.6,93.9,129.9,69.2,35.56,18.1,0.59
0,70.1,99.9,141.6,85.3,36.06,21.7,0.495
0,55.3,95.4,123.1,86.8,37.95,9.7,0.449
0,82.8,97.7,150.5,84.6,36.97,14.6,0.55
0,104.3,100.0,162.8,84.7,36.95,15.1,0.641
0,78.3,99.7,131.0,82.3,36.6,18.8,0.597
0,81.4,97.6,105.1,77.4,36.76,13.4,0.774
0,88.4,96.6,112.7,74.1,36.5,11.4,0.785
0,59.0,99.8,126.8,89.3,37.17,11.4,0.465
1,103.5,99.1,129.8,71.9,36.87,20.4,0.798
0,81.0,96.0,133.9,80.1,35.98,13.2,0.605
1,102.5,95.6,129.8,67.2,36.98,13.9,0.789
0,67.0,92.5,122.1,68.7,35.08,18.4,0.549
1,105.3,97.9,111.2,73.4,37.09,13.3,0.947
0,89.6,97.3,128.8,67.2,35.81,9.5,0.696
0,86.3,100.0,153.5,84.8,36.73,10.0,0.562
0,81.5,98.4,139.3,61.2,35.96,15.8,0.585
0,74.3,100.0,131.1,77.1,36.8,17.9,0.567
0,96.0,95.8,139.5,77.5,37.2,15.2,0.688
1,80.1,100.0,115.7,56.1,37.85,17.6,0.692
0,48.5,96.2,113.4,71.1,35.72,9.9,0.428
0,61.2,99.4,109.3,78.8,37.48,10.1,0.56
1,75.2,94.0,119.9,80.7,36.89,24.6,0.627
0,82.6,98.1,114.8,73.8,36.48,20.7,0.72
0,77.2,92.7,142.5,83.4,37.33,18.9,0.541
1,96.3,96.9,113.9,74.8,36.63,13.5,0.845
0,48.7,98.6,108.4,76.2,37.3,15.1,0.45
0,80.2,96.2,155.0,78.8,36.11,16.0,0.517
0,50.7,95.0,114.3,86.2,36.36,21.0,0.444
1,89.4,99.5,124.6,68.6,37.46,17.5,0.717
1,76.6,97.3,129.7,70.6,37.84,18.0,0.591
1,84.3,96.3,102.7,68.6,36.78,15.4,0.821
0,65.0,97.6,143.0,72.3,35.0,19.0,0.455
0,97.2,100.0,132.8,91.7,36.66,17.1,0.732
0,93.6,100.0,148.5,82.3,36.82,16.2,0.631
0,86.8,100.0,110.5,63.6,36.64,13.2,0.785
0,76.1,98.5,123.7,69.4,37.04,15.6,0.615
0,86.7,97.9,122.7,80.1,36.47,11.9,0.707
0,67.4,91.7,126.5,66.0,37.39,15.8,0.533
1,90.8,95.9,97.3,68.0,35.98,16.3,0.934
1,102.7,96.3,123.9,90.8,37.67,8.0,0.829
1,94.1,93.0,97.8,69.3,37.89,15.1,0.962
0,67.1,94.7,128.1,86.5,36.16,11.5,0.523
1,83.4,92.7,85.8,89.8,36.16,17.9,0.972
0,58.6,97.4,90.5,67.9,37.09,18.4,0.647
0,86.6,99.5,135.9,66.2,35.97,14.4,0.637
0,84.8,100.0,112.7,73.0,36.46,18.1,0.752
0,50.0,98.5,105.2,64.0,37.57,18.2,0.475
0,60.6,95.2,143.6,77.3,37.32,15.1,0.422
1,73.8,92.9,127.6,73.7,38.19,21.8,0.578
0,73.5,93.3,136.8,80.0,36.92,13.2,0.537
0,59.9,94.5,119.2,91.4,36.37,21.6,0.502
0,83.8,95.4,167.6,85.0,36.84,15.1,0.5
0,81.8,97.1,111.7,81.4,36.69,12.8,0.732
0,75.1,95.1,151.7,54.4,36.7,14.7,0.495
0,66.7,98.3,121.0,80.9,36.78,11.8,0.551
1,93.7,96.9,93.9,94.9,36.15,19.0,0.998
0,102.8,97.5,130.2,42.9,37.0,9.9,0.79
0,70.7,100.0,127.4,83.6,35.81,21.3,0.556
0,68.8,94.7,104.1,74.2,36.3,12.4,0.661
1,85.4,98.5,106.3,66.7,36.72,19.2,0.803
0,72.6,97.5,121.6,84.8,35.22,16.1,0.597
0,75.9,96.7,127.9,94.8,37.34,17.0,0.593
0,89.1,99.6,80.0,84.5,35.36,13.8,1.114
0,49.4,99.6,139.9,71.9,37.27,17.3,0.353
0,97.8,95.2,113.6,65.6,35.9,16.5,0.861
0,79.1,97.1,99.4,77.6,36.52,10.5,0.796
0,71.8,98.2,138.0,85.6,37.16,12.3,0.52
1,76.7,96.8,121.6,71.7,38.34,13.9,0.63
0,77.4,98.9,142.7,72.8,36.88,13.1,0.543
0,52.0,98.2,129.4,107.0,35.41,20.8,0.402
1,100.4,100.0,122.0,87.9,37.47,16.0,0.823
0,78.6,93.8,119.4,88.7,36.64,13.0,0.658
0,84.6,97.2,130.2,59.9,36.85,14.1,0.65
1,92.3,95.3,115.0,68.2,37.19,14.1,0.803
0,62.7,98.9,107.5,76.8,35.24,14.9,0.583
0,85.1,93.6,132.4,65.0,36.8,11.9,0.643
0,74.0,98.3,119.5,93.6,36.51,12.9,0.619
1,90.7,96.0,122.6,91.5,37.66,18.9,0.74
0,46.1,95.7,140.5,70.1,37.31,16.7,0.328
0,76.5,94.0,120.1,95.6,35.66,15.4,0.637
0,69.0,96.4,122.3,76.0,37.68,16.0,0.564
0,84.5,100.0,111.8,104.5,37.11,15.8,0.756
0,85.1,97.4,129.3,77.6,35.72,15.2,0.658
0,67.4,99.0,127.9,82.3,36.84,18.0,0.527
0,67.3,100.0,137.3,91.4,37.52,17.7,0.49
0,76.3,98.1,112.2,90.1,35.95,10.0,0.681
0,64.6,96.2,114.2,81.6,37.76,15.5,0.565
0,90.6,98.6,135.5,74.4,35.74,10.3,0.669
0,72.5,96.2,126.3,81.7,36.25,18.4,0.574
0,45.0,96.3,106.6,67.0,36.14,18.9,0.422
0,72.4,93.9,144.2,77.7,37.76,13.7,0.502
0,62.4,99.7,93.1,63.8,36.46,15.6,0.67
0,53.5,96.6,135.3,56.4,35.99,8.0,0.396
0,59.4,97.9,100.5,76.6,37.11,19.7,0.591
0,79.6,95.0,154.1,89.9,37.26,18.7,0.517
1,97.9,98.5,95.7,86.2,37.27,20.4,1.023
0,82.7,95.7,141.6,75.1,36.61,21.6,0.584
0,68.9,97.2,120.6,95.2,36.98,11.3,0.571
0,84.8,99.6,115.8,69.7,36.34,19.4,0.733
1,71.1,99.4,125.2,54.9,37.97,21.6,0.568
0,67.6,97.4,132.7,52.0,37.6,10.3,0.509
1,60.7,93.3,106.6,63.0,37.56,15.3,0.569
0,51.7,100.0,108.1,85.0,37.36,14.6,0.478
0,72.2,100.0,133.0,69.0,37.16,19.3,0.542
0,80.4,99.2,93.0,81.1,35.93,8.0,0.864
1,76.6,95.7,112.1,94.1,37.24,22.9,0.683
0,71.8,97.2,173.7,63.9,36.88,15.6,0.413
1,63.8,96.2,105.5,81.3,37.68,19.5,0.605
0,87.1,100.0,141.5,81.9,37.37,15.8,0.616
0,58.2,98.1,112.0,66.5,37.19,17.9,0.52
0,89.6,95.6,130.7,90.9,35.62,8.0,0.686
0,63.0,96.4,133.1,72.8,36.74,14.5,0.473
0,66.7,100.0,141.2,71.8,36.41,19.2,0.473
0,56.0,100.0,118.6,99.2,36.98,17.1,0.472
0,70.5,100.0,155.8,81.8,36.51,9.8,0.452
0,92.6,99.3,112.0,86.2,36.61,16.2,0.827
0,85.7,96.9,126.0,90.9,37.12,12.9,0.681
0,92.7,89.7,126.2,68.8,36.5,12.6,0.735
0,85.8,98.2,102.9,89.7,36.89,10.2,0.834
0,61.4,97.5,117.1,70.5,35.74,18.4,0.525
0,73.0,97.8,124.7,70.0,36.22,20.2,0.585
0,66.3,97.6,114.7,73.0,37.26,24.1,0.578
0,98.0,94.3,163.5,69.2,35.94,10.4,0.599
0,60.0,98.8,107.7,85.0,37.67,18.9,0.557
0,91.4,99.0,142.1,78.9,37.48,19.2,0.643
0,91.4,99.1,136.6,70.6,36.61,13.8,0.669
1,105.4,99.8,121.8,83.4,38.9,12.5,0.866
0,71.9,98.9,107.3,73.0,37.67,11.9,0.67
0,88.7,96.5,108.9,72.4,36.14,14.0,0.814
1,112.2,97.3,113.2,76.5,37.32,16.8,0.991
1,68.7,97.7,91.6,81.1,36.85,21.2,0.75
0,55.0,97.8,104.9,80.3,36.26,20.2,0.524
0,49.8,99.9,96.8,72.0,36.05,9.9,0.514
0,88.7,99.0,144.9,85.3,37.5,13.0,0.612
0,49.8,100.0,132.5,73.6,36.38,20.9,0.375
0,72.4,100.0,135.4,68.8,36.73,13.2,0.535
0,84.6,97.7,132.0,59.9,36.16,15.8,0.641
0,80.8,88.3,124.8,86.8,36.28,9.5,0.647
0,84.4,100.0,146.8,76.1,36.71,20.4,0.575
0,81.3,96.2,111.6,78.3,37.07,8.7,0.729
0,97.2,95.6,123.8,87.5,35.0,9.8,0.785
0,63.7,96.5,134.7,70.7,36.81,20.0,0.473
0,67.8,96.4,99.5,60.9,36.28,23.3,0.682
0,66.4,99.0,174.6,76.8,37.78,14.9,0.38
1,90.5,93.8,122.5,79.4,38.86,15.8,0.738
0,91.5,94.9,124.4,73.1,36.55,19.5,0.735
0,84.8,98.3,143.4,92.2,35.59,17.1,0.591
0,95.8,99.0,137.6,48.7,36.88,14.6,0.696
0,60.3,99.0,122.6,88.3,36.66,14.2,0.492
1,103.0,95.6,124.2,84.7,38.18,10.0,0.829
1,100.8,95.2,96.4,81.0,37.97,16.9,1.046
1,89.0,96.3,112.5,40.0,37.41,15.7,0.791
0,104.7,98.1,130.8,90.1,36.39,14.3,0.801
0,53.2,100.0,129.5,64.7,37.27,12.2,0.41
0,70.1,92.6,142.8,70.4,36.99,12.6,0.491
0,67.0,97.0,120.0,74.1,36.97,18.3,0.558
0,88.8,94.3,98.4,80.5,35.71,19.4,0.903
0,62.2,93.5,140.0,83.0,37.54,14.8,0.445
0,89.4,99.8,146.4,85.8,36.88,14.4,0.61
0,98.6,98.8,137.3,85.0,36.73,12.8,0.718
0,88.4,98.6,119.2,78.8,36.38,19.6,0.742
0,82.3,99.7,139.8,80.6,36.24,16.1,0.589
0,63.2,96.3,180.3,64.0,37.02,17.4,0.35
0,65.3,96.5,124.0,67.7,35.58,17.4,0.527
1,96.7,100.0,99.7,85.9,37.35,14.8,0.97
0,89.7,96.9,112.0,85.2,36.06,11.6,0.801
0,77.4,99.3,132.6,84.0,35.36,12.2,0.584
1,71.7,97.5,94.7,70.3,38.08,20.3,0.757
0,47.6,93.1,124.9,86.0,36.2,13.2,0.381
0,61.9,92.6,128.5,63.2,36.29,14.4,0.482
1,106.7,96.1,148.1,87.9,37.59,11.7,0.72
0,58.8,100.0,144.3,73.1,38.1,11.4,0.408
0,80.8,99.4,136.7,94.5,35.73,13.1,0.591
1,93.1,99.7,85.2,59.3,36.13,22.4,1.092
0,59.2,95.1,137.7,95.4,36.18,18.5,0.43
0,80.8,100.0,134.0,72.0,37.45,14.0,0.603
1,92.1,95.2,126.4,71.8,37.95,20.1,0.729
0,78.2,98.0,92.6,78.1,36.04,15.4,0.844
1,121.0,97.5,108.8,68.3,37.79,21.1,1.112
0,53.0,97.1,102.2,75.2,36.3,24.4,0.518
1,93.9,100.0,87.7,67.9,37.04,19.9,1.07
0,75.4,95.8,122.0,68.3,35.91,16.4,0.618
1,89.6,94.3,108.4,81.4,36.71,18.7,0.826
0,84.6,97.5,166.6,66.1,36.72,16.1,0.508
0,67.0,96.5,119.1,67.5,36.58,9.0,0.562
0,81.4,100.0,144.0,60.9,37.07,13.5,0.566
0,50.1,99.1,95.3,70.5,36.1,12.4,0.526
0,87.0,96.5,113.0,90.4,36.18,13.4,0.77
1,82.5,95.0,123.6,66.7,37.11,22.8,0.667
1,87.6,93.0,106.6,68.0,37.74,20.3,0.822
1,93.9,95.0,114.8,78.1,36.78,17.7,0.818
1,83.5,97.8,118.3,71.9,37.15,19.1,0.706
0,80.2,100.0,118.0,100.5,37.33,8.8,0.68
0,64.8,100.0,153.5,74.2,37.38,18.8,0.422
0,67.3,98.0,128.4,79.7,36.13,19.6,0.524
0,95.8,96.7,130.2,86.4,36.26,8.0,0.736
0,99.5,98.1,131.2,86.2,36.32,18.9,0.759
0,74.4,96.3,132.4,78.6,38.15,10.6,0.562
0,78.7,100.0,120.6,74.2,37.16,8.5,0.653
0,64.4,97.0,116.5,98.3,37.12,21.0,0.553
0,95.6,97.3,124.8,74.9,37.06,12.2,0.766
0,88.0,92.2,141.7,71.1,35.88,13.3,0.621
1,107.1,97.0,141.1,68.9,38.16,19.8,0.759
0,64.8,99.5,117.9,57.0,37.14,14.8,0.55
0,72.3,94.9,135.1,85.0,37.31,15.3,0.536
0,81.5,95.7,118.7,50.2,35.56,15.2,0.686
1,87.7,99.4,122.6,75.9,37.35,17.3,0.715
0,74.8,94.0,114.0,73.7,36.55,15.1,0.656
0,64.9,100.0,118.9,100.6,35.87,16.4,0.546
0,91.2,96.2,144.8,55.9,36.13,14.1,0.63
0,88.8,96.6,123.6,66.1,35.91,17.3,0.719
0,64.3,94.8,124.3,74.5,35.9,17.2,0.517
1,98.3,98.4,97.4,73.8,36.84,23.2,1.01
0,95.6,100.0,116.7,70.0,36.53,14.6,0.818
0,80.0,99.4,117.9,75.1,37.03,15.3,0.679
1,79.2,95.4,107.9,62.1,37.97,16.9,0.734
0,86.3,100.0,122.4,79.9,36.71,19.7,0.705
0,65.1,96.7,114.7,50.5,35.23,11.9,0.567
0,78.5,100.0,123.4,75.7,36.63,16.4,0.636
0,45.7,99.4,124.1,69.4,37.64,8.0,0.368
1,91.1,90.4,105.8,87.2,36.74,15.0,0.862
0,54.6,95.1,115.2,95.3,37.87,20.1,0.474
1,100.6,99.8,123.3,72.4,37.12,13.2,0.815
0,73.0,97.9,142.1,91.3,35.51,16.7,0.514
0,74.8,95.0,126.4,72.5,36.88,14.0,0.592
0,68.6,96.0,110.7,65.4,37.01,12.7,0.619
1,73.7,92.9,128.8,95.2,37.56,19.7,0.572
1,99.3,97.3,151.0,81.7,38.07,12.0,0.657
0,45.0,100.0,137.6,76.0,37.44,17.1,0.327
0,97.2,99.4,131.3,83.6,37.11,17.2,0.74
0,83.1,100.0,134.3,79.0,37.27,12.8,0.618
0,59.9,99.6,146.5,75.2,36.68,16.6,0.409
0,61.9,100.0,140.3,61.4,35.78,12.4,0.441
0,103.1,100.0,131.6,73.0,36.83,18.0,0.784
0,63.8,98.4,140.2,82.9,37.06,11.0,0.455
0,60.7,97.1,103.6,74.6,35.96,14.7,0.586
1,95.1,100.0,96.5,85.9,37.73,15.0,0.985
1,83.1,100.0,124.7,80.2,37.5,20.2,0.666
0,63.9,96.3,123.2,66.3,35.84,16.5,0.519
1,81.2,95.8,112.8,61.5,37.76,19.6,0.721
0,62.6,97.8,136.0,74.3,36.58,18.1,0.46
1,94.5,99.5,90.3,70.2,36.26,18.1,1.046
1,93.9,99.4,112.9,79.7,37.56,14.7,0.832
1,86.0,94.1,113.8,68.1,36.76,19.9,0.756
1,83.4,100.0,94.2,69.2,38.13,14.6,0.886
0,104.4,96.0,147.4,87.6,36.2,9.4,0.708
0,78.0,96.9,98.9,77.6,35.59,15.2,0.789
0,60.3,95.3,112.0,68.3,36.6,17.7,0.538
0,84.7,100.0,137.4,76.2,37.35,9.9,0.617
0,109.3,98.1,133.0,91.2,36.15,12.6,0.822
0,62.8,95.5,103.2,79.2,35.87,11.3,0.609
0,72.6,99.6,133.6,82.5,36.96,19.0,0.543
0,84.2,99.3,126.9,67.7,35.78,22.4,0.664
0,77.2,97.0,161.7,87.3,37.01,15.2,0.477
0,63.3,99.5,128.9,101.5,36.56,18.0,0.491
1,94.8,95.5,119.6,67.3,37.15,17.9,0.793
1,112.8,96.3,107.4,63.0,35.83,21.9,1.05
1,80.9,92.7,109.3,77.9,37.71,13.5,0.74
0,64.4,94.3,108.0,85.6,36.67,15.2,0.597
0,54.8,100.0,145.3,75.0,37.33,14.7,0.377
0,81.9,100.0,122.3,64.4,37.47,16.3,0.669
0,94.6,97.7,131.6,74.8,35.99,25.5,0.718
0,85.1,100.0,147.7,82.6,37.42,16.1,0.576
0,78.0,97.1,81.9,71.5,35.8,12.8,0.952
0,69.2,96.9,143.7,82.7,35.84,11.6,0.481
1,61.6,97.6,122.9,88.8,38.17,20.8,0.501
1,90.5,97.2,129.4,78.6,37.58,12.7,0.7
1,91.7,97.0,107.9,75.7,38.25,18.5,0.85
0,54.8,100.0,109.2,85.1,36.54,13.4,0.502
0,101.8,97.9,130.3,66.6,36.87,11.2,0.782
0,86.6,99.2,162.5,65.5,37.17,18.3,0.533
0,99.0,100.0,139.1,73.1,36.79,13.6,0.712
0,57.9,98.4,143.5,70.6,36.28,17.6,0.403
0,57.5,95.2,118.7,67.2,36.17,17.9,0.484
1,75.8,94.3,111.8,96.1,36.95,18.1,0.678
0,85.5,97.9,108.7,99.9,36.05,15.0,0.787
1,104.9,97.1,113.7,72.1,36.03,18.6,0.923
1,88.6,97.7,87.1,77.0,37.08,12.5,1.017
0,74.4,97.5,109.7,73.9,36.73,8.0,0.678
0,62.6,100.0,112.5,88.2,37.46,18.7,0.557
1,96.5,94.3,119.0,90.4,36.5,16.6,0.81
0,63.5,92.7,124.2,56.5,36.39,13.7,0.511
1,102.4,98.3,128.2,81.2,37.1,10.4,0.799
0,73.7,96.6,121.7,61.6,36.23,8.3,0.606
1,101.9,98.3,112.1,95.3,36.34,16.2,0.909
1,88.2,98.9,88.6,80.8,36.37,22.3,0.995
0,75.9,100.0,112.2,66.9,36.65,15.5,0.677
1,70.2,93.9,105.5,73.3,38.04,14.6,0.666
0,72.9,96.2,129.9,72.8,35.84,15.9,0.561
1,84.4,98.5,137.5,81.8,37.71,24.3,0.614
0,79.2,99.3,138.0,87.5,37.32,18.9,0.574
0,69.1,100.0,134.9,63.4,37.9,12.5,0.512
1,75.5,99.8,119.7,96.2,39.0,16.1,0.631
1,79.2,97.4,113.1,93.7,37.8,17.3,0.7
0,46.1,95.4,109.3,66.4,37.45,12.0,0.421
0,84.9,96.1,96.4,76.8,35.88,18.9,0.881
0,63.3,96.1,138.9,94.8,35.97,12.9,0.456
0,60.7,99.1,119.0,89.6,37.05,10.3,0.51
0,52.7,98.1,100.8,72.3,35.61,16.3,0.523
0,51.1,94.3,107.9,85.0,37.23,15.7,0.473
0,57.7,96.5,107.3,109.0,35.31,16.0,0.538
0,67.4,99.6,122.7,77.2,37.61,13.1,0.549
0,107.3,98.3,140.1,69.0,36.57,13.6,0.766
0,70.1,98.9,116.1,77.9,36.89,20.3,0.604
1,80.7,98.4,83.7,78.7,36.28,17.7,0.964
0,84.0,100.0,118.8,70.2,35.47,12.4,0.707
0,80.0,98.1,119.3,80.9,37.66,8.6,0.67
1,76.8,96.6,118.2,62.2,37.73,12.5,0.65
0,60.1,95.3,111.3,68.7,36.55,16.6,0.54
1,99.8,98.1,125.7,84.3,37.26,13.6,0.794
1,105.1,91.6,123.1,56.7,36.53,13.3,0.854
0,52.8,97.1,121.6,85.9,37.0,13.8,0.434
0,62.6,97.0,129.0,53.9,37.33,15.7,0.486
1,73.8,94.2,114.7,57.0,37.19,19.0,0.643
1,63.5,95.3,113.7,70.5,37.74,16.0,0.559
0,85.6,99.4,145.5,79.2,37.16,16.2,0.588
0,67.1,98.1,131.5,90.6,36.82,15.1,0.51
0,110.5,97.7,136.1,76.6,36.27,14.1,0.812
0,95.9,98.2,142.8,73.3,36.47,19.4,0.671
0,81.2,97.7,130.9,82.4,37.37,18.8,0.62
0,93.4,100.0,137.8,66.4,35.75,23.8,0.678
1,94.6,97.8,95.2,77.5,37.57,18.3,0.994
0,69.5,94.0,125.5,62.8,36.6,14.1,0.554
0,65.8,100.0,118.9,76.9,36.23,12.6,0.553
0,79.2,98.4,150.5,74.6,36.03,19.6,0.526
0,90.9,96.1,137.8,67.2,37.27,12.9,0.66
1,80.1,94.5,111.3,77.8,36.79,19.1,0.72
0,54.3,98.5,128.3,77.7,37.91,13.1,0.423
0,66.0,97.2,124.9,88.9,35.92,17.3,0.528
0,76.9,100.0,129.7,58.3,36.4,12.0,0.593
0,76.9,96.7,104.7,75.2,36.74,19.0,0.734
0,107.6,95.5,128.1,67.6,36.27,11.3,0.84
0,57.2,99.6,118.1,85.6,36.8,17.0,0.484
0,85.6,99.7,126.8,84.3,37.02,15.2,0.675
1,100.3,97.9,109.7,81.6,37.14,16.4,0.915
1,112.1,99.1,112.1,68.3,37.85,14.5,1.0
0,71.9,97.4,142.0,85.7,35.89,14.4,0.507
1,85.4,98.1,104.1,59.2,37.04,16.6,0.82
0,86.5,100.0,105.4,56.9,36.35,12.2,0.821
0,80.9,99.0,121.1,62.0,37.1,12.2,0.668
0,76.5,97.1,108.9,75.6,37.1,14.6,0.703
0,84.5,100.0,107.0,83.4,36.11,14.5,0.79
0,45.0,91.8,123.8,43.3,36.17,12.2,0.364
1,88.2,100.0,96.4,90.6,37.16,19.5,0.915
1,79.9,93.4,104.9,77.4,36.82,14.7,0.762
0,74.7,96.0,156.9,58.8,36.65,15.1,0.476
1,108.7,97.4,129.8,77.1,37.26,11.0,0.837
1,67.9,97.1,109.3,88.0,37.31,23.9,0.621
0,72.0,99.9,129.1,82.6,36.43,25.2,0.557
0,107.9,95.0,131.6,88.1,36.2,13.0,0.819
0,65.5,98.1,138.9,61.0,35.92,20.7,0.472
0,69.7,96.1,119.8,71.4,36.82,15.7,0.582
0,75.8,98.2,138.6,65.8,35.8,22.1,0.547
1,90.6,97.3,87.3,94.9,36.87,17.3,1.037
1,81.1,97.7,104.0,83.0,37.65,16.4,0.78
0,58.6,96.2,124.8,107.3,36.55,8.0,0.47
0,70.0,96.3,127.6,70.9,36.42,12.7,0.549
1,68.9,98.2,106.5,68.0,38.2,16.1,0.647
0,76.8,99.8,126.4,74.4,37.86,16.8,0.608
0,84.4,96.1,111.4,91.2,36.26,11.4,0.758
0,84.3,95.4,117.3,72.0,36.9,13.2,0.718
0,51.4,99.0,139.4,77.4,37.03,18.1,0.368
0,94.0,97.4,137.5,77.1,36.94,10.7,0.684
1,81.8,99.5,105.0,76.4,38.07,16.5,0.779
1,98.8,95.3,104.0,68.8,36.86,20.7,0.949
1,84.7,93.2,115.0,74.5,36.97,17.5,0.736
1,94.5,96.2,121.5,74.0,37.28,17.3,0.778
1,85.0,95.7,110.8,75.9,37.63,8.3,0.767
1,98.2,97.3,139.7,86.4,37.46,12.9,0.703
1,85.8,96.0,127.9,95.4,37.18,23.8,0.671
0,76.5,99.3,128.9,66.8,35.71,13.7,0.594
1,112.1,96.8,100.5,71.7,36.46,20.8,1.116
0,91.3,97.9,141.8,66.9,37.37,13.7,0.644
1,86.6,97.9,74.1,78.1,36.98,14.9,1.169
0,58.9,98.0,136.2,70.1,37.38,18.0,0.432
0,58.7,97.4,137.9,78.6,38.12,16.4,0.426
0,82.4,98.7,114.6,88.1,35.98,17.4,0.719
0,80.2,95.6,143.6,48.2,37.6,12.9,0.558
0,68.8,100.0,120.9,81.4,36.57,11.7,0.569
0,80.1,96.9,123.1,70.9,37.45,12.6,0.651
1,101.8,94.4,127.8,81.1,36.77,14.0,0.797
0,88.4,98.0,176.2,66.1,38.29,15.1,0.502
0,60.9,95.5,144.9,89.2,36.89,19.9,0.42
0,76.3,99.1,133.9,86.0,36.35,16.3,0.57
0,65.9,100.0,106.5,82.3,37.09,17.8,0.619
0,72.2,95.6,124.4,84.7,37.03,16.5,0.58
0,71.8,98.3,108.2,67.8,37.6,11.8,0.664
0,70.8,93.3,136.0,69.2,37.11,16.1,0.521
1,59.2,98.6,124.4,84.3,38.53,16.5,0.476
1,76.1,95.4,102.9,67.6,36.72,18.9,0.74
0,69.6,96.0,123.4,91.9,36.73,11.9,0.564
0,45.0,94.9,107.6,72.4,36.38,8.2,0.418
1,108.8,99.3,124.6,81.5,36.86,16.7,0.873
1,94.3,99.9,107.4,99.1,36.96,17.3,0.878
0,72.4,97.6,122.5,68.2,37.0,15.3,0.591
0,78.3,95.4,134.8,76.8,36.85,16.1,0.581
0,60.4,100.0,121.1,87.6,36.37,19.3,0.499
1,103.4,95.7,115.4,86.5,36.18,14.3,0.897
1,106.5,92.3,125.5,72.4,36.54,14.9,0.849
0,80.4,98.6,133.9,70.3,37.6,16.3,0.6
1,93.4,94.8,103.2,73.4,37.75,11.4,0.905
0,80.6,99.9,126.4,91.9,36.75,15.4,0.638
0,57.9,96.6,144.4,72.9,36.14,15.8,0.401
0,71.8,98.9,131.8,76.9,36.74,22.2,0.545
1,80.0,100.0,123.0,71.3,38.26,14.9,0.65
0,71.2,94.6,132.9,83.8,37.5,16.8,0.536
0,74.7,96.1,129.7,77.7,37.19,19.5,0.576
0,76.6,97.3,134.8,65.0,37.47,12.8,0.568
1,76.8,100.0,87.6,65.3,37.88,21.2,0.877
0,78.8,95.9,95.6,54.0,35.99,22.7,0.824
0,62.1,96.1,139.1,66.9,36.53,15.9,0.446
0,67.2,98.6,96.4,84.7,36.43,14.0,0.697
0,58.7,96.1,128.8,90.6,37.21,22.2,0.456
1,92.7,97.9,116.0,83.5,36.91,19.0,0.799
0,46.4,93.8,105.1,82.1,37.33,16.3,0.442
0,95.3,100.0,127.9,74.6,36.45,21.4,0.745
1,98.8,94.3,125.4,84.5,37.76,21.0,0.788
0,73.5,96.7,157.9,79.1,36.75,14.7,0.465
0,45.0,97.4,111.4,95.8,37.29,16.9,0.404
0,72.6,100.0,146.5,74.9,37.64,18.2,0.495
1,77.0,94.3,128.0,90.8,37.58,16.1,0.602
0,62.8,100.0,110.8,85.6,37.05,10.7,0.567
0,70.3,99.3,135.6,84.1,37.37,12.4,0.518
1,101.0,98.5,131.6,53.9,38.02,10.8,0.767
1,88.0,95.1,122.6,86.2,37.16,17.9,0.718
0,64.1,98.9,126.5,74.6,36.29,11.5,0.507
0,54.0,95.8,111.9,71.1,37.21,16.7,0.483
0,73.1,100.0,108.0,59.7,36.77,23.0,0.677
0,74.8,95.2,134.9,75.9,35.16,21.4,0.554
0,85.4,97.2,118.2,76.4,37.12,9.0,0.723
0,70.0,96.2,120.6,61.7,36.88,11.1,0.58
1,85.7,95.1,126.8,59.8,37.61,13.0,0.676
0,107.0,99.3,126.5,81.4,36.27,11.6,0.846
0,90.2,98.8,97.7,85.6,35.75,9.7,0.924
0,77.3,100.0,143.9,78.1,36.92,16.0,0.537
0,75.3,93.2,124.1,88.7,37.07,18.7,0.607
0,72.6,100.0,118.6,75.0,36.87,19.6,0.613
0,95.7,100.0,129.3,75.4,36.81,14.2,0.74
0,68.6,96.4,126.0,65.9,36.05,15.0,0.544
0,78.7,100.0,135.0,58.8,36.7,17.4,0.583
0,78.8,96.9,131.1,96.4,36.56,15.6,0.601
0,70.5,94.2,134.2,88.4,37.55,19.1,0.525
0,57.4,96.8,145.0,60.7,37.07,17.6,0.396
0,82.8,100.0,137.0,77.7,36.61,14.6,0.605
1,77.1,95.5,119.3,74.9,38.01,8.9,0.646
1,85.5,96.1,102.9,73.0,36.61,21.7,0.831
0,70.0,98.9,150.4,71.5,37.19,13.4,0.466
1,96.3,97.5,118.0,80.2,36.68,17.4,0.816
0,64.8,98.9,114.0,85.0,37.94,8.7,0.569
1,103.7,98.1,92.5,80.4,36.86,16.0,1.121
0,51.8,98.7,127.8,74.7,36.88,16.4,0.405
0,84.5,96.5,124.5,74.3,36.7,16.6,0.679
1,85.1,98.1,96.2,86.3,36.94,27.5,0.885
0,66.1,95.3,129.7,81.1,37.64,13.6,0.509
1,84.4,100.0,113.5,76.8,37.39,19.1,0.743
0,97.2,96.0,167.7,75.6,36.82,18.0,0.579
0,45.0,100.0,112.3,79.8,37.99,13.4,0.401
1,85.5,96.9,114.6,70.8,37.41,19.1,0.746
0,45.0,98.0,107.1,85.0,36.49,15.4,0.42
0,63.5,96.3,143.7,64.2,35.83,19.3,0.442
1,102.4,95.1,115.7,71.5,36.51,23.5,0.886
0,69.3,93.3,109.7,82.7,37.09,16.6,0.632
0,60.4,95.0,134.0,63.5,37.22,14.9,0.451
1,75.0,96.7,98.5,58.7,37.75,20.0,0.761
0,109.0,98.0,132.6,76.7,36.03,21.3,0.822
0,50.5,99.9,152.3,57.3,36.49,12.6,0.332
0,62.2,96.4,131.6,61.7,35.98,14.3,0.473
0,100.5,95.4,132.8,84.3,35.86,18.6,0.756
0,105.9,94.0,136.8,73.7,36.36,15.5,0.774
0,76.4,98.7,151.1,90.1,37.06,12.4,0.506
0,59.4,100.0,142.6,62.7,37.34,18.1,0.417
0,109.4,100.0,129.5,75.0,36.14,18.6,0.845
0,101.9,99.2,137.4,80.4,36.23,14.7,0.742
0,88.2,99.0,106.9,63.1,35.55,16.2,0.825
0,65.8,100.0,135.2,87.3,36.95,13.8,0.487
0,77.3,98.3,104.9,81.6,36.29,11.8,0.737
1,75.6,99.1,115.8,58.3,37.96,14.1,0.653
1,83.0,96.7,69.6,75.6,37.09,16.3,1.192
0,99.8,94.2,128.8,80.2,36.68,10.4,0.774
0,91.2,95.9,111.1,69.5,36.35,14.4,0.821
0,61.8,97.5,140.9,59.7,35.75,16.3,0.439
0,98.6,97.6,128.6,79.1,35.84,20.5,0.767
0,82.7,100.0,141.1,100.3,36.36,14.8,0.586
0,88.3,97.7,103.6,71.7,36.31,11.3,0.853
0,100.0,100.0,139.7,93.3,36.1,15.2,0.716
0,61.3,96.5,157.8,67.7,37.06,13.8,0.389
0,77.5,96.8,135.0,78.4,37.16,18.1,0.574
0,70.0,94.3,135.4,84.5,36.48,14.7,0.517
0,54.5,95.7,124.9,75.9,38.15,8.0,0.436
0,83.2,98.8,113.1,72.7,35.58,30.0,0.736
1,115.7,97.5,134.9,84.0,36.84,16.5,0.857
0,50.4,99.8,96.4,96.8,36.65,16.3,0.523
0,77.5,97.9,114.9,79.3,36.41,10.1,0.675
1,87.6,96.7,91.9,70.3,36.31,10.4,0.953
0,79.8,100.0,110.0,73.9,36.8,15.7,0.726
0,76.3,97.3,132.9,103.7,36.64,17.3,0.574
0,58.5,100.0,130.6,77.5,36.53,18.7,0.448
0,81.5,96.5,122.9,69.5,35.89,16.9,0.663
0,66.6,99.2,124.9,63.4,35.67,11.5,0.534
0,45.2,99.7,89.9,55.9,36.6,8.0,0.502
0,95.9,98.0,115.7,80.0,36.52,15.6,0.829
1,92.4,91.8,110.4,83.2,36.66,14.0,0.837
0,78.8,97.5,110.8,71.6,36.72,11.2,0.711
0,81.4,100.0,132.2,75.8,36.43,19.1,0.616
0,94.1,98.8,107.4,63.1,36.65,10.0,0.877
0,81.4,98.6,111.7,77.5,36.2,18.3,0.728
1,91.6,93.4,86.5,81.3,37.87,10.6,1.058
0,73.5,95.8,117.0,70.1,36.24,16.5,0.629
1,97.7,98.5,103.5,94.6,36.54,19.5,0.944
0,82.8,98.5,123.3,66.8,36.29,14.7,0.671
0,80.9,100.0,105.8,79.1,36.28,22.4,0.765
0,58.9,97.2,123.8,85.3,36.82,23.3,0.476
0,82.3,98.5,119.5,75.1,36.73,16.9,0.689
0,65.5,97.5,150.4,73.9,36.48,18.1,0.436
0,68.4,95.1,130.5,60.3,36.6,20.0,0.525
0,65.8,92.1,90.7,90.9,36.3,18.1,0.725
0,62.0,98.5,100.5,74.1,37.08,17.7,0.617
1,109.9,97.9,122.9,81.9,38.24,14.0,0.894
0,98.0,96.0,106.2,83.4,36.19,9.6,0.923
1,106.8,93.6,71.5,69.1,37.08,10.7,1.493
0,59.7,99.0,144.9,73.8,36.83,25.1,0.412
0,79.1,96.9,134.2,90.7,37.27,17.2,0.589
0,58.6,98.8,130.9,63.7,37.29,15.1,0.448
0,67.6,100.0,111.7,99.4,36.94,20.8,0.605
0,64.2,92.4,129.3,67.8,36.77,13.2,0.497
1,96.6,95.8,110.0,63.0,36.5,18.2,0.878
0,72.1,97.0,125.5,77.5,36.26,16.3,0.574
1,94.0,100.0,106.4,100.3,36.73,17.7,0.884
0,87.1,93.6,147.8,55.0,35.9,14.7,0.589
1,112.6,100.0,95.3,74.4,36.38,12.3,1.181
0,55.8,97.8,142.9,81.2,37.57,12.9,0.39
0,96.9,97.3,122.7,76.4,36.87,13.0,0.79
1,95.2,97.0,113.7,80.2,37.42,16.0,0.837
0,63.4,96.5,124.8,68.1,37.83,10.1,0.508
0,93.1,100.0,134.5,69.4,36.68,11.3,0.692
0,83.0,94.9,145.2,74.4,36.95,16.5,0.572
0,74.6,98.3,127.3,63.6,36.59,15.5,0.586
0,65.6,96.6,106.9,75.5,36.23,16.7,0.614
0,67.2,95.7,122.9,71.7,36.13,15.8,0.547
1,108.7,100.0,152.9,70.8,37.39,25.6,0.711
0,78.0,98.5,144.9,79.5,36.95,16.5,0.538
1,89.7,99.0,137.4,56.0,38.09,14.6,0.653
0,66.1,100.0,135.5,73.5,37.48,16.4,0.488
0,66.3,94.1,133.9,101.5,36.29,19.9,0.495
0,94.2,100.0,141.7,64.1,37.39,15.8,0.665
0,57.8,91.5,114.2,90.1,36.59,18.6,0.506
1,71.8,95.7,99.0,76.6,37.65,17.5,0.725
0,78.5,96.4,123.2,69.4,36.46,14.9,0.637
0,79.7,98.9,108.1,61.5,36.06,16.4,0.737
0,75.3,98.0,104.1,77.5,36.24,22.1,0.724
0,83.9,97.1,109.8,92.0,36.28,16.9,0.765
0,88.4,97.5,164.3,71.7,36.21,12.3,0.538
0,89.0,95.2,124.3,75.1,36.4,14.8,0.716
0,63.2,93.9,128.2,87.1,37.4,8.0,0.493
1,73.7,99.2,101.2,79.7,38.06,16.5,0.728
1,95.9,99.2,90.7,58.7,35.87,21.0,1.058
1,91.4,100.0,108.1,77.1,37.68,10.9,0.846
0,57.4,95.6,146.4,92.6,36.47,16.6,0.392
0,83.3,99.2,127.7,75.6,37.04,19.7,0.652
0,48.3,96.8,132.2,45.8,35.64,20.1,0.366
0,78.7,100.0,134.6,80.3,37.17,20.9,0.585
0,106.5,100.0,111.9,73.8,35.4,8.9,0.951
0,63.8,98.0,145.6,55.9,37.02,17.9,0.438
0,65.5,96.7,111.2,57.5,36.98,10.3,0.589
0,89.5,99.8,145.9,86.7,36.93,12.2,0.613
0,54.9,99.1,129.5,67.9,36.29,19.1,0.424
1,68.5,95.9,91.6,66.0,37.18,16.6,0.748
1,86.9,94.3,109.3,75.6,37.07,18.8,0.796
0,68.5,96.8,91.7,68.9,36.65,12.5,0.747
0,74.5,100.0,141.8,77.1,37.27,21.6,0.525
0,89.2,100.0,121.6,73.8,36.73,18.6,0.733
1,84.3,94.8,84.1,62.8,37.17,19.4,1.002
0,82.0,94.7,128.4,70.4,36.71,11.9,0.639
0,72.9,100.0,112.9,80.9,36.95,20.5,0.646
1,83.6,94.8,96.8,76.5,37.2,14.8,0.863
0,76.1,98.7,150.5,75.1,36.52,13.7,0.506
0,84.9,96.0,123.8,97.3,35.94,18.4,0.685
0,70.5,100.0,117.0,84.0,36.99,18.2,0.603
1,75.3,95.7,115.2,85.4,37.63,12.8,0.653
0,63.2,100.0,96.3,74.2,37.01,23.8,0.656
1,77.5,97.9,99.8,78.4,37.02,22.9,0.776
0,65.8,98.1,143.8,71.3,36.77,18.3,0.458
0,61.3,92.8,113.9,84.6,37.32,17.6,0.538
0,81.9,92.2,122.4,74.8,36.67,17.3,0.669
1,81.2,97.0,87.2,78.4,36.48,10.1,0.931
1,89.7,98.1,99.6,77.8,37.57,16.4,0.901
0,71.5,94.8,132.4,75.8,36.43,16.4,0.54
1,84.1,94.9,128.4,108.3,37.42,13.8,0.655
0,86.3,98.8,151.8,68.7,37.57,14.8,0.568
0,84.7,98.9,144.8,68.6,37.2,8.0,0.585
0,65.6,97.2,118.1,83.6,35.93,11.8,0.556
0,80.2,99.4,130.0,69.5,36.82,19.5,0.617
1,83.5,94.7,116.6,72.8,36.66,22.6,0.716
0,78.1,96.6,156.9,64.0,36.45,12.4,0.498
0,46.7,100.0,141.5,81.4,36.9,16.7,0.33
1,80.4,97.7,124.9,81.5,37.34,20.2,0.644
1,111.2,97.8,125.4,72.5,36.48,14.0,0.887
0,72.6,100.0,146.6,83.9,36.68,18.6,0.495
0,67.1,94.1,131.9,55.6,36.63,15.9,0.509
0,83.6,99.4,148.5,68.2,37.61,20.5,0.563
1,82.7,100.0,84.7,74.1,36.62,11.1,0.976
0,95.9,96.7,129.8,63.1,35.94,11.8,0.739
0,59.1,99.6,113.2,56.8,35.7,17.1,0.522
0,89.0,95.1,151.9,72.6,37.05,16.4,0.586
0,86.9,95.9,148.3,83.6,36.27,15.8,0.586
0,75.9,98.4,122.6,90.1,37.27,18.2,0.619
0,83.1,99.4,148.1,70.0,35.87,12.5,0.561
0,93.4,100.0,152.3,84.1,36.42,10.8,0.613
0,91.1,100.0,123.3,83.0,35.87,14.1,0.739
0,60.9,97.3,164.0,89.4,37.1,14.5,0.371
0,90.3,100.0,121.5,72.1,37.25,14.9,0.743
0,77.0,96.7,118.4,56.2,37.04,20.8,0.651
0,79.1,99.7,136.7,76.8,36.04,18.9,0.579
0,79.1,98.0,116.0,64.8,36.28,18.0,0.682
0,75.7,98.6,123.5,68.0,36.96,16.8,0.614
0,95.9,98.5,146.0,72.7,35.62,14.4,0.657
0,76.7,93.6,122.3,72.3,36.63,12.8,0.627
1,61.2,94.8,93.2,77.6,37.86,11.5,0.657
0,72.1,97.7,128.2,83.7,36.67,13.4,0.562
0,80.7,93.5,110.2,72.0,35.76,15.8,0.732
0,96.4,99.5,136.7,80.4,36.37,11.6,0.705
0,87.0,99.6,133.8,76.2,36.36,16.6,0.65
0,65.2,98.3,147.0,86.3,38.3,15.3,0.444
1,115.3,94.8,137.4,73.9,37.97,14.5,0.839
0,82.0,100.0,140.5,75.1,37.31,20.4,0.583
0,97.1,100.0,110.6,71.9,36.56,8.0,0.878
0,75.7,97.9,135.7,74.2,37.64,14.5,0.558
0,86.0,98.7,155.5,67.4,36.01,8.0,0.553
1,90.6,98.0,110.3,66.3,37.55,16.9,0.821
0,96.3,98.8,152.6,84.5,37.45,18.9,0.631
0,93.9,97.2,112.7,64.1,36.69,10.9,0.833
1,91.1,97.4,107.5,72.5,37.6,11.4,0.847
0,73.3,99.7,127.0,87.2,36.49,9.5,0.577
0,69.4,100.0,134.2,72.1,35.91,16.2,0.517
0,83.0,94.1,137.5,85.1,37.48,14.7,0.604
1,92.0,97.3,105.7,69.5,36.74,14.9,0.871
0,74.7,94.7,129.4,64.4,37.22,14.6,0.577
1,94.0,100.0,110.3,58.5,38.07,12.3,0.852
1,99.8,96.1,96.7,90.4,36.29,20.3,1.032
0,64.3,94.0,106.2,63.5,36.7,17.0,0.605
0,65.4,99.0,109.2,84.2,37.9,11.5,0.599
0,75.9,100.0,130.9,65.0,37.27,13.3,0.58
0,82.6,99.1,141.6,90.5,36.31,12.7,0.583
0,70.1,98.0,97.0,100.3,36.13,21.3,0.723
0,98.3,98.5,128.0,57.4,36.43,18.7,0.768
0,84.4,100.0,102.0,64.1,36.28,15.5,0.827
0,78.6,95.4,132.7,84.5,36.97,22.5,0.592
0,56.5,97.2,111.4,81.6,36.85,21.5,0.507
0,58.3,96.4,104.1,84.5,37.0,15.1,0.56
0,82.2,94.7,135.6,69.7,36.21,14.4,0.606
0,46.0,96.7,112.0,97.9,36.75,14.6,0.411
0,93.2,100.0,116.6,77.3,35.36,12.4,0.799
1,75.6,98.9,84.3,62.6,36.9,22.6,0.898
1,126.6,99.0,138.1,73.2,37.62,12.2,0.917
0,112.6,97.9,136.0,62.8,35.8,19.3,0.828
0,75.3,98.8,122.1,93.5,37.14,18.6,0.617
0,76.4,95.6,96.0,68.7,36.37,14.8,0.796
1,92.9,96.8,142.6,81.4,37.36,22.9,0.652
1,103.5,98.0,110.7,70.8,36.91,10.1,0.936
0,53.4,98.2,114.3,69.2,37.08,15.7,0.467
0,51.2,98.3,161.3,55.0,36.85,14.1,0.317
1,68.7,97.2,110.0,82.6,37.73,19.7,0.624
0,86.7,96.6,134.6,90.3,37.04,17.3,0.644
0,85.5,100.0,131.6,65.9,36.31,9.4,0.65
0,94.0,99.7,128.6,59.0,36.87,20.7,0.731
0,60.0,98.5,126.8,84.8,36.54,17.8,0.473
0,45.0,96.9,128.4,57.9,36.91,12.1,0.35
0,90.9,96.4,126.6,89.4,36.51,14.7,0.718
0,65.6,97.2,121.1,66.1,36.33,11.1,0.541
0,47.7,98.2,147.7,63.9,36.94,15.4,0.323
1,80.2,93.0,99.7,78.7,36.84,16.6,0.804
1,89.9,93.7,139.4,64.6,37.54,14.7,0.645
0,76.2,96.0,136.0,68.2,36.51,14.3,0.56
0,71.1,98.0,133.9,79.9,35.41,9.9,0.531
0,75.6,96.9,141.0,49.3,36.55,17.3,0.536
0,72.4,100.0,120.4,94.1,35.66,8.7,0.602
0,57.8,93.9,90.2,76.5,37.09,16.1,0.64
0,67.3,95.7,120.8,61.8,35.63,9.2,0.557
0,85.8,100.0,105.1,64.8,36.11,16.2,0.816
0,82.8,97.8,109.6,86.9,36.55,16.0,0.756
1,80.5,99.6,100.9,82.6,37.88,17.5,0.798
0,63.1,100.0,113.9,91.3,36.05,19.3,0.554
0,75.3,95.8,111.9,68.5,36.81,20.0,0.673
0,45.3,97.3,81.6,79.3,37.21,9.9,0.556
1,80.7,96.8,133.9,80.7,37.84,15.8,0.603
1,99.4,92.8,159.7,83.6,37.34,23.6,0.622
0,55.9,96.8,132.3,88.4,37.57,16.5,0.422
0,69.2,99.6,118.6,68.1,37.41,12.8,0.584
0,82.9,98.8,121.1,74.7,35.95,15.7,0.685
1,96.8,99.0,114.8,69.3,37.05,14.5,0.843
0,71.3,96.6,123.5,75.4,37.39,11.5,0.577
0,67.6,95.9,121.4,83.7,36.13,19.3,0.557
0,48.5,100.0,107.7,57.8,36.39,18.2,0.45
0,79.6,96.3,150.6,88.2,36.24,10.9,0.528
1,108.6,98.2,96.7,63.5,37.34,15.6,1.123
0,82.2,97.9,134.2,72.6,36.75,13.8,0.612
0,77.7,100.0,120.3,89.7,36.58,9.9,0.646
0,82.8,99.8,154.3,79.6,35.9,10.6,0.537
0,77.8,94.4,127.8,79.7,36.75,11.2,0.609
0,65.8,94.6,115.9,63.0,36.4,15.8,0.568
0,90.3,98.9,117.8,64.5,36.97,14.3,0.767
0,81.4,97.3,122.7,86.4,36.0,12.4,0.663
1,78.3,96.4,102.6,69.5,36.92,14.5,0.763
0,63.4,99.9,109.0,70.6,36.49,18.8,0.582
1,97.6,97.9,91.7,86.6,35.93,17.4,1.064
0,88.0,97.6,106.3,64.5,35.87,19.8,0.827
0,69.7,99.4,123.6,79.0,35.98,15.1,0.564
0,93.0,96.6,127.1,76.5,36.66,22.1,0.732
0,70.5,100.0,88.4,76.0,36.88,17.3,0.798
0,66.3,95.6,119.7,70.3,36.99,14.1,0.554
0,66.6,99.1,131.6,69.6,37.02,16.4,0.506
0,51.4,100.0,119.2,64.1,36.27,11.3,0.431
1,85.1,94.2,111.2,81.3,37.54,14.8,0.765
0,50.5,96.7,115.0,68.7,36.49,17.6,0.439
0,59.6,100.0,112.8,86.7,37.12,18.3,0.528
0,46.9,100.0,111.2,73.5,36.69,14.4,0.422
0,76.7,97.1,125.0,64.4,37.06,26.4,0.614
0,75.7,95.7,161.2,73.4,36.65,15.3,0.47
0,73.1,99.8,109.4,71.5,37.08,9.6,0.668
0,62.4,100.0,116.6,87.1,36.79,20.6,0.535
0,60.4,94.7,121.1,71.9,37.37,18.3,0.499
0,85.0,94.6,110.3,73.0,36.23,16.9,0.77
0,69.7,98.0,140.7,91.5,35.56,14.2,0.496
1,82.7,99.0,81.7,81.6,36.12,17.5,1.013
1,64.7,96.8,113.0,94.3,37.55,22.2,0.573
0,80.7,99.1,135.9,89.8,36.69,16.8,0.594
1,97.5,95.8,117.0,66.2,36.86,10.4,0.834
0,86.8,92.4,108.0,86.9,36.06,8.0,0.803
0,71.8,96.5,129.5,92.8,36.85,17.5,0.555
0,81.9,97.7,137.4,92.9,36.08,12.3,0.596
0,74.4,96.8,125.6,86.9,36.19,15.6,0.592
0,78.1,94.7,108.4,86.6,36.52,12.9,0.721
0,73.1,93.1,129.8,72.7,37.11,12.7,0.563
0,75.5,96.3,115.2,66.8,37.19,13.1,0.656
0,81.2,99.7,134.7,72.1,37.21,13.4,0.603
0,63.1,100.0,147.2,57.7,35.69,18.9,0.429
0,62.8,100.0,77.7,90.8,36.8,18.2,0.808
0,57.2,95.5,123.9,72.9,36.66,11.4,0.461
0,54.0,94.7,92.5,90.2,35.73,11.9,0.584
0,59.7,98.7,163.5,62.5,36.81,17.4,0.365
0,80.4,99.0,114.0,87.9,36.62,20.0,0.705
0,64.6,98.5,134.7,70.6,37.16,19.9,0.48
0,85.7,92.7,121.4,61.9,36.86,12.2,0.706
0,78.5,95.4,108.3,93.9,36.42,19.8,0.725
0,48.5,97.4,106.3,88.2,37.45,9.3,0.456
0,87.8,98.7,149.0,78.3,35.25,15.2,0.59
0,90.2,99.3,138.3,76.4,36.76,17.9,0.652
0,63.1,97.8,155.0,80.8,35.57,8.1,0.407
0,84.3,98.3,122.9,78.1,36.16,24.0,0.686
0,65.2,97.7,126.9,67.3,37.17,21.0,0.513
0,79.5,99.1,117.5,71.5,35.91,18.5,0.677
0,59.0,98.3,117.1,97.6,35.8,12.3,0.504
1,51.1,97.7,104.3,105.4,38.47,15.7,0.49
0,72.3,96.9,123.4,93.2,35.85,19.0,0.585
1,76.1,97.7,108.6,81.3,37.96,11.7,0.701
0,72.0,98.7,129.5,72.3,36.68,15.3,0.556
0,60.2,98.1,124.9,67.2,36.43,19.5,0.482
0,72.0,98.4,126.9,67.9,37.2,10.3,0.567
0,82.0,100.0,150.5,69.9,37.74,17.3,0.545
0,77.3,98.1,121.4,99.7,36.0,9.3,0.637
0,80.7,95.9,134.9,95.9,36.44,12.4,0.599
0,67.9,99.6,156.9,84.2,37.39,14.1,0.433
0,95.6,94.2,144.2,65.4,37.0,18.0,0.663
0,60.4,94.9,141.6,85.8,37.57,13.3,0.426
1,85.3,98.3,116.8,73.4,37.16,16.5,0.731
1,95.7,98.7,125.9,52.3,38.07,13.4,0.76
1,85.2,94.5,99.6,79.2,36.93,14.0,0.856
0,75.0,96.6,130.5,66.7,36.96,20.8,0.575
0,70.1,96.0,126.7,67.1,37.03,11.6,0.553
1,93.5,96.3,122.4,73.2,36.7,18.9,0.764
0,56.7,99.8,139.5,70.5,37.39,16.0,0.406
0,63.4,99.2,101.5,75.6,36.97,13.8,0.625
0,72.0,97.5,149.8,75.1,37.35,11.4,0.481
1,96.6,96.2,137.3,55.4,37.46,11.6,0.703
0,83.7,94.3,120.8,92.7,37.1,13.2,0.693
0,63.5,100.0,119.5,65.2,37.15,15.4,0.531
0,73.3,98.9,130.2,65.5,36.09,18.3,0.563
0,68.8,95.8,147.9,72.4,36.41,14.9,0.465
0,67.4,99.2,123.7,74.8,37.39,15.1,0.544
1,92.7,97.3,124.4,92.0,37.8,15.7,0.745
0,57.4,96.8,122.3,79.0,35.44,17.8,0.47
0,102.1,98.5,152.3,82.2,36.4,18.5,0.671
0,90.4,95.7,115.7,79.0,36.82,10.7,0.781
0,94.4,96.7,121.5,78.5,36.18,14.9,0.777
0,71.1,97.8,146.9,79.4,36.22,20.7,0.484
0,75.8,96.3,124.5,54.7,37.13,11.0,0.608
0,56.5,99.1,141.3,73.3,37.91,16.3,0.4
0,70.1,100.0,106.5,88.8,35.38,15.4,0.658
0,85.4,95.7,118.5,119.4,36.68,13.8,0.721
1,97.4,93.5,147.2,62.8,37.12,22.0,0.662
0,61.4,92.7,110.5,80.7,37.35,16.1,0.556
0,72.5,97.1,119.4,69.7,37.02,21.7,0.607
1,75.7,95.9,126.4,98.5,38.03,16.0,0.599
0,57.1,98.0,105.2,61.1,36.82,17.7,0.543
1,86.9,97.8,115.0,82.9,37.72,13.8,0.756
0,67.1,93.7,123.9,60.5,36.35,13.8,0.542
0,75.1,93.1,122.8,72.5,36.84,17.6,0.611
0,71.2,98.2,143.8,75.6,35.95,17.6,0.495
0,66.2,97.8,148.2,87.8,37.43,18.3,0.446
0,77.9,96.5,107.4,64.2,36.72,17.4,0.725
0,74.8,93.5,123.9,83.3,37.05,10.9,0.603
0,72.4,98.6,133.5,76.2,36.58,12.9,0.543
0,67.1,100.0,147.8,79.0,37.21,19.2,0.454
0,82.8,98.2,134.2,86.5,37.08,8.6,0.617
0,102.8,95.5,126.9,61.9,36.1,17.1,0.81
0,80.1,97.6,133.3,84.9,36.14,15.6,0.601
0,92.9,94.2,133.5,69.7,36.78,19.2,0.696
0,57.1,100.0,106.2,88.1,37.26,17.6,0.538
1,80.4,97.7,125.3,79.7,38.1,13.5,0.642
0,61.5,93.3,146.8,73.7,37.01,13.3,0.419
0,55.8,96.8,118.5,69.5,37.51,14.0,0.471
0,66.9,98.6,124.2,85.1,35.67,18.2,0.539
1,95.9,96.7,117.9,89.9,38.21,8.0,0.813
1,92.3,96.8,82.7,70.1,37.22,16.6,1.116
0,81.6,94.6,122.4,63.5,36.77,12.6,0.667
0,55.0,98.9,127.1,83.6,36.68,16.7,0.433
0,75.1,95.9,113.3,60.1,36.02,17.3,0.663
0,82.5,92.3,102.4,61.6,36.23,9.7,0.806
1,80.6,96.6,107.0,64.3,38.14,15.1,0.753
0,50.3,99.9,135.0,71.4,36.11,16.6,0.373
0,64.6,96.6,155.5,61.3,36.09,16.3,0.416
0,77.0,100.0,145.5,54.7,36.31,15.5,0.529
0,86.0,98.5,99.1,63.5,35.96,11.4,0.868
0,45.1,98.3,136.5,83.1,36.81,11.9,0.33
1,75.6,97.2,110.7,62.0,37.56,10.8,0.682
0,80.1,97.3,112.1,72.3,36.37,18.1,0.715
0,90.7,96.9,114.1,97.4,35.84,15.6,0.795
0,88.4,96.8,134.0,75.5,37.0,15.8,0.66
0,86.7,98.8,138.3,79.8,36.76,9.5,0.627
0,66.0,95.3,120.3,65.6,37.5,15.9,0.548
0,49.4,94.9,120.6,99.8,36.48,18.4,0.409
0,72.1,94.8,129.9,70.0,36.62,9.0,0.555
0,93.0,100.0,131.7,73.5,36.7,14.0,0.707
0,98.9,98.8,142.0,90.5,36.86,10.0,0.697
1,88.7,98.2,100.2,74.0,36.53,14.4,0.885
0,84.4,95.0,122.3,76.5,36.41,12.6,0.69
0,83.7,99.0,103.8,72.9,35.5,17.4,0.806
0,69.7,97.2,121.1,73.0,36.4,16.6,0.575
1,76.0,98.0,118.2,80.1,37.3,20.9,0.644
1,103.0,95.2,121.2,82.1,37.4,15.8,0.85
0,63.9,97.9,108.4,68.9,36.47,17.3,0.589
1,102.2,96.5,96.7,67.6,37.71,13.9,1.057
1,73.2,95.7,86.4,69.3,36.78,11.8,0.847
0,97.9,99.3,119.8,60.6,35.86,19.2,0.817
0,56.9,93.8,114.7,58.5,35.64,20.7,0.496
1,86.8,98.9,110.5,79.3,37.65,18.7,0.785
0,66.9,99.1,144.5,86.3,36.54,16.5,0.463
0,56.8,95.4,107.4,85.6,35.95,12.3,0.529
0,81.3,95.5,146.1,49.8,35.22,20.3,0.556
0,93.1,97.0,149.6,73.3,36.52,18.2,0.623
1,65.3,98.2,88.8,63.9,37.08,23.7,0.735
0,55.5,97.1,123.6,77.6,36.31,11.6,0.449
0,76.6,98.5,115.2,71.4,36.06,19.3,0.665
1,76.7,100.0,72.5,82.5,36.42,18.1,1.058
1,86.2,96.3,97.4,75.8,37.67,14.7,0.885
0,92.2,93.4,135.2,55.1,35.82,21.2,0.682
0,77.1,99.5,156.3,65.4,36.35,17.5,0.493
1,105.8,100.0,137.3,76.1,37.65,12.4,0.771
0,81.4,98.4,127.5,77.0,37.15,15.6,0.638
0,72.8,94.9,121.6,60.5,36.93,12.4,0.599
0,53.8,97.2,150.6,59.1,36.35,14.2,0.357
0,74.1,94.8,158.5,76.6,36.82,18.7,0.467
0,73.0,99.0,112.0,60.6,36.42,19.8,0.651
1,92.4,94.3,88.0,57.6,36.2,16.8,1.05
0,84.9,96.8,86.3,71.1,36.04,13.1,0.984
0,60.3,95.1,144.5,70.6,37.35,17.5,0.417
0,80.6,97.8,121.2,66.3,36.76,18.7,0.665
0,88.1,96.6,125.1,68.3,37.02,8.5,0.704
1,100.9,97.9,91.6,76.2,36.91,16.4,1.102
1,91.3,97.6,109.2,68.1,37.11,15.3,0.836
1,89.4,95.1,117.0,76.8,36.62,19.6,0.764
0,78.9,99.0,125.5,71.8,36.46,17.5,0.629
0,83.8,97.4,115.2,77.8,36.23,17.8,0.727
0,96.7,95.1,104.4,85.7,35.81,14.2,0.927
0,58.0,100.0,108.7,85.2,36.01,16.0,0.534
0,72.8,98.6,142.5,90.2,36.54,19.6,0.51
0,66.4,97.1,126.2,85.2,35.68,15.8,0.526
0,83.7,100.0,132.4,78.6,35.83,16.7,0.632
1,96.5,100.0,106.7,71.2,37.53,10.2,0.904
1,69.0,97.2,71.8,71.7,36.96,15.7,0.962
0,45.0,98.3,113.1,66.3,36.48,8.4,0.398
1,71.8,95.1,107.3,76.0,38.39,14.0,0.67
0,91.7,97.1,127.9,83.7,35.65,16.2,0.717
0,86.1,97.0,177.9,68.0,37.48,18.9,0.484
0,84.4,97.9,133.8,75.6,36.72,12.2,0.631
0,73.8,98.3,168.5,68.5,37.35,17.4,0.438
0,58.8,98.8,131.7,78.3,36.88,21.6,0.447
0,85.7,98.1,111.3,70.0,35.49,13.6,0.77
0,65.5,94.6,127.9,67.9,36.87,10.1,0.512
1,110.8,95.2,152.3,68.5,37.03,17.1,0.727
0,86.6,96.2,153.1,81.5,35.27,11.5,0.565
1,69.3,96.8,112.2,74.9,38.16,12.9,0.617
0,68.8,100.0,126.3,71.3,37.02,19.5,0.545
1,76.6,94.7,97.7,78.9,37.27,23.1,0.784
0,74.4,96.6,136.0,71.4,35.98,12.2,0.547
0,94.8,99.8,148.4,88.4,37.28,13.2,0.638
1,80.8,96.8,122.7,65.3,37.56,14.3,0.659
0,67.0,98.6,110.7,73.9,36.98,13.9,0.606
1,106.4,97.2,128.1,60.5,36.79,23.3,0.83
0,78.7,98.1,129.1,72.2,36.17,14.0,0.61
0,89.5,97.0,123.4,57.5,36.65,14.5,0.726
0,68.9,99.1,125.0,84.2,36.44,22.1,0.551
1,83.4,93.8,119.0,84.4,37.2,18.2,0.701
0,82.7,96.6,138.9,84.6,36.21,19.7,0.595
0,49.7,98.2,134.5,76.3,37.2,12.6,0.369
1,108.2,98.8,105.3,66.3,36.21,14.0,1.028
1,97.4,100.0,104.8,67.2,36.62,12.0,0.929
0,72.0,96.6,117.7,92.8,37.23,19.0,0.612
0,61.5,100.0,134.5,91.8,36.31,20.7,0.457
0,83.2,95.9,124.5,77.3,37.26,13.7,0.668
0,79.3,100.0,111.1,70.3,37.19,14.6,0.714
0,83.3,99.5,126.4,91.1,36.61,14.8,0.659
1,80.9,95.3,116.4,68.4,37.61,10.1,0.695
0,85.6,98.2,137.0,78.5,36.85,13.4,0.625
1,99.7,97.4,127.7,90.9,37.57,18.9,0.781
1,86.5,99.0,116.6,66.8,38.06,12.7,0.742
0,62.3,97.0,125.9,85.1,36.63,16.4,0.494
0,98.4,96.8,144.4,81.7,37.25,11.0,0.682
0,102.6,100.0,112.3,75.6,36.35,15.5,0.914
1,125.3,97.3,128.8,65.1,36.08,13.9,0.972
0,61.1,99.5,120.8,68.0,36.66,11.4,0.506
0,81.6,97.0,129.3,79.2,35.85,19.0,0.632
0,46.8,100.0,110.9,60.3,36.14,19.2,0.422
0,86.3,95.9,123.9,77.4,37.21,12.3,0.697
0,69.8,96.0,140.8,82.0,36.44,15.2,0.495
1,106.9,100.0,106.1,86.8,37.3,16.2,1.007
0,66.4,96.4,99.4,60.6,37.01,9.1,0.668
0,52.7,100.0,100.0,90.5,38.1,10.7,0.526
1,70.9,99.6,102.1,94.6,37.17,20.9,0.695
0,48.4,97.1,132.1,80.5,37.58,12.0,0.366
1,89.3,93.1,98.1,64.6,37.08,20.8,0.91
0,47.0,97.5,116.9,72.4,37.02,10.9,0.402
0,78.4,97.7,132.5,75.5,37.62,18.5,0.592
0,46.8,100.0,129.1,79.0,37.27,14.8,0.363
0,73.2,100.0,115.4,76.2,36.95,15.4,0.634
1,102.7,95.9,125.2,79.1,36.94,23.1,0.82
0,83.4,99.4,123.8,75.0,37.18,11.2,0.674
0,65.0,99.3,118.2,78.9,36.33,18.3,0.55
0,77.5,100.0,118.4,70.9,36.3,18.1,0.655
0,78.3,98.7,160.0,72.3,37.8,28.7,0.489
1,85.1,92.8,135.8,69.7,38.11,11.9,0.627
0,57.5,97.1,164.2,97.1,36.15,13.6,0.35
0,86.9,94.7,113.6,92.1,36.33,19.1,0.765
0,45.0,97.0,120.6,82.1,37.6,15.2,0.373
0,68.6,99.9,99.4,90.6,37.17,14.2,0.69
0,70.7,98.2,108.2,84.8,37.27,19.6,0.653
0,87.5,100.0,154.3,78.0,37.43,15.0,0.567
0,78.3,98.3,113.1,59.4,36.63,12.6,0.693
0,56.9,94.4,154.6,73.1,37.03,18.8,0.368
1,63.2,91.4,100.9,72.3,36.98,17.4,0.627
0,81.0,97.9,104.1,63.5,36.2,14.8,0.778
0,76.8,97.0,116.2,59.7,37.02,14.6,0.661
0,69.3,95.2,120.9,81.4,37.67,12.5,0.573
0,70.8,93.4,137.7,79.6,36.57,18.8,0.514
0,88.4,95.7,129.7,63.2,36.91,14.6,0.682
0,70.2,97.0,114.9,67.8,36.94,13.1,0.611
0,76.7,99.1,119.7,88.8,36.6,11.1,0.64
1,110.5,98.0,116.6,66.3,37.27,17.5,0.948
0,56.6,100.0,106.5,77.9,36.32,14.1,0.532
0,50.2,95.0,106.9,73.9,37.73,8.4,0.47
0,89.8,99.6,139.5,81.6,37.24,11.4,0.644
0,67.8,97.6,90.9,66.6,36.14,15.1,0.746
0,73.2,99.2,149.5,77.0,37.99,15.2,0.49
0,66.3,96.5,116.2,77.9,36.92,15.1,0.571
0,74.1,100.0,108.9,78.5,36.29,14.5,0.681
1,102.0,98.2,134.6,76.9,37.57,10.4,0.758
0,90.0,95.9,147.2,79.8,37.15,12.7,0.611
0,90.9,97.5,141.0,100.1,35.56,20.5,0.645
0,56.8,96.9,130.5,104.2,36.43,19.9,0.435
0,60.7,98.7,140.5,69.0,37.0,18.2,0.432
0,45.0,94.7,92.8,50.5,35.29,17.9,0.485
0,65.9,97.4,113.1,82.6,36.86,19.4,0.582
1,92.4,98.4,106.5,78.0,36.91,11.7,0.867
0,85.8,97.6,142.8,87.7,35.97,16.1,0.6
0,74.7,100.0,115.5,79.1,36.99,11.7,0.647
0,77.7,99.4,136.4,76.6,36.81,11.8,0.57
0,67.7,97.5,131.1,88.4,35.97,17.4,0.516
1,81.1,98.0,107.3,90.0,37.44,19.6,0.755
1,89.5,98.2,112.0,60.7,37.39,15.3,0.799
0,53.8,98.5,144.0,67.0,36.6,22.3,0.373
1,82.5,93.1,108.8,74.8,36.66,16.8,0.758
1,92.0,96.8,124.1,77.1,37.31,13.0,0.741
0,71.8,93.9,108.7,73.5,36.66,11.9,0.66
0,88.5,100.0,116.7,80.8,35.45,19.9,0.759
1,120.2,97.4,121.2,87.0,37.14,16.5,0.992
0,76.4,97.0,108.7,94.9,36.23,18.6,0.703
0,83.9,99.7,105.7,82.4,36.53,8.0,0.794
0,66.9,98.5,126.9,66.6,37.82,16.9,0.528
0,80.7,94.8,107.6,74.4,36.71,14.1,0.75
0,84.9,97.3,108.2,75.2,36.8,10.7,0.785
1,80.9,96.7,106.0,81.7,37.16,15.8,0.763
0,62.7,93.3,120.7,80.3,37.15,20.1,0.52
0,81.1,95.8,138.0,98.6,36.16,24.6,0.587
0,99.9,97.1,147.6,70.9,36.76,16.9,0.677
0,84.7,97.2,109.7,80.2,36.83,13.3,0.773
0,92.4,93.9,158.6,101.9,36.99,13.1,0.583
0,74.4,100.0,104.9,69.6,37.0,19.7,0.71
1,89.2,97.3,140.4,77.6,38.61,12.2,0.636
0,82.2,97.6,109.7,65.6,35.98,18.4,0.749
0,63.7,98.5,107.2,76.9,37.49,17.1,0.595
1,82.8,95.6,109.3,67.4,37.63,16.7,0.757
0,63.1,98.6,121.1,87.5,37.14,10.0,0.521
0,68.5,96.6,131.9,77.6,36.34,14.6,0.52
1,80.8,95.3,133.4,65.7,37.97,10.5,0.606
0,82.5,98.9,106.0,85.2,35.27,13.8,0.778
0,60.2,100.0,105.2,78.0,36.32,19.5,0.572
1,93.8,99.2,106.4,86.5,37.62,20.7,0.882
0,86.6,99.7,120.1,63.4,36.54,16.8,0.721
1,67.4,96.3,118.4,80.1,37.92,13.8,0.569
0,54.9,93.7,105.8,84.5,35.74,22.0,0.519
0,75.8,100.0,126.6,71.3,36.02,13.8,0.599
0,71.3,100.0,160.5,62.2,36.43,11.7,0.444
0,79.7,100.0,113.4,75.5,37.09,18.6,0.703
0,72.6,96.7,114.6,89.5,36.64,17.7,0.633
0,47.9,94.7,131.5,88.4,36.46,13.9,0.364
1,72.2,94.9,112.5,71.3,37.79,16.4,0.642
1,73.4,93.5,133.4,61.9,37.86,17.7,0.55
0,87.5,97.2,109.8,71.3,36.51,16.8,0.797
0,67.5,100.0,153.1,70.8,35.6,17.7,0.441
0,103.2,97.2,127.9,80.9,35.29,14.1,0.807
0,49.3,98.2,111.5,74.8,36.97,18.0,0.443
1,97.7,100.0,112.0,67.7,37.26,16.1,0.872
0,74.6,96.5,113.3,88.1,36.84,14.2,0.659
0,90.9,100.0,145.3,77.5,36.75,15.1,0.625
0,79.2,100.0,100.4,80.8,36.24,15.6,0.789
1,95.1,97.2,110.6,57.0,37.26,10.5,0.859
1,72.2,96.1,112.5,49.3,37.97,13.6,0.642
0,61.5,99.2,121.7,60.2,35.25,16.2,0.505
1,99.3,96.7,117.4,70.7,36.75,10.9,0.846
0,76.3,94.7,96.6,82.3,36.12,13.6,0.789
0,81.3,100.0,115.2,50.2,35.76,25.1,0.706
0,96.5,100.0,120.3,93.5,36.01,11.7,0.802
0,62.5,97.9,111.3,77.9,37.07,14.5,0.562
0,86.9,94.5,133.7,91.0,37.08,12.8,0.65
0,69.2,94.5,137.6,66.3,37.82,15.6,0.502
0,76.0,97.8,120.7,81.5,36.81,12.9,0.63
0,79.1,96.3,125.9,76.9,35.57,15.1,0.628
0,55.5,96.7,85.3,85.0,36.63,13.3,0.651
0,66.3,100.0,114.8,73.4,35.83,20.0,0.577
0,98.3,99.3,139.1,81.2,35.96,16.3,0.707
1,91.3,100.0,114.8,88.1,37.21,12.2,0.795
1,77.1,95.1,109.5,68.8,36.94,19.2,0.704
0,81.6,96.7,160.7,78.7,37.21,12.4,0.508
0,73.6,99.3,152.9,55.2,36.55,10.1,0.481
1,98.3,98.6,129.9,83.7,37.35,16.0,0.757
0,75.0,100.0,141.4,97.5,36.51,23.2,0.531
1,81.5,98.5,84.2,62.3,37.58,9.1,0.968
1,95.2,100.0,108.6,75.0,37.04,10.9,0.876
0,66.3,98.8,114.0,85.7,36.66,18.9,0.582
1,101.4,100.0,118.0,76.3,36.95,13.6,0.859
0,55.0,96.7,113.7,77.8,36.79,18.3,0.484
1,102.4,97.5,78.6,71.7,37.92,12.8,1.303
0,72.4,99.7,128.6,71.3,36.97,16.5,0.563
0,74.4,100.0,131.2,75.0,36.8,22.6,0.567
0,49.6,99.3,149.2,76.5,36.63,11.5,0.333
1,71.2,97.3,108.6,63.0,37.39,19.9,0.655
0,62.4,100.0,107.2,75.3,37.3,18.6,0.582
1,68.9,92.2,76.4,93.3,36.61,10.3,0.901
0,75.9,94.1,117.0,71.4,35.99,18.1,0.649
0,92.4,99.1,137.3,62.4,36.17,16.3,0.673
0,81.1,97.5,111.6,74.3,36.67,16.3,0.727
0,82.6,99.0,158.4,68.1,37.74,17.3,0.521
0,61.6,97.7,117.6,61.3,36.62,14.7,0.523
0,64.8,98.9,124.5,77.5,36.38,16.3,0.52
1,105.0,95.5,98.8,68.2,35.57,16.9,1.062
0,67.0,98.9,126.9,69.1,37.86,18.8,0.528
1,102.8,99.9,88.4,77.7,37.2,10.2,1.164
0,74.4,100.0,133.8,59.1,37.36,20.9,0.556
0,78.0,100.0,134.3,56.8,37.47,11.6,0.581
0,94.1,98.1,145.1,83.4,36.68,18.9,0.648
1,97.1,98.2,104.7,54.8,36.86,16.3,0.928
1,76.3,93.8,124.7,65.3,37.84,11.1,0.612
0,72.2,96.2,131.6,56.2,36.93,18.0,0.549
0,77.2,97.0,129.5,70.7,37.21,12.4,0.596
1,83.1,100.0,107.3,80.7,37.41,20.1,0.774
1,91.4,96.0,81.3,77.2,37.25,13.3,1.123
0,78.1,99.4,127.9,102.3,36.71,10.3,0.61
1,87.3,97.5,119.4,88.0,36.78,21.8,0.731
1,102.6,97.1,112.4,65.8,37.34,16.7,0.913
0,83.7,98.1,135.0,62.8,37.34,19.3,0.62
1,82.7,96.6,121.2,105.8,37.62,12.8,0.682
0,55.2,96.5,99.6,87.7,37.19,8.8,0.555
0,45.0,93.4,89.2,82.5,37.22,22.4,0.505
0,83.8,96.9,102.8,76.8,36.49,16.0,0.815
0,76.6,96.3,162.7,79.0,36.39,17.9,0.471
0,70.3,96.3,134.3,59.7,37.35,18.5,0.523
0,81.7,98.5,125.2,77.7,36.4,14.7,0.652
0,77.1,99.1,118.9,76.8,36.79,16.9,0.648
1,94.9,98.1,117.8,66.1,37.77,22.1,0.806
0,79.3,99.9,141.8,70.1,37.65,15.9,0.559
0,66.8,98.9,113.7,92.7,37.01,19.6,0.588
0,92.9,96.8,131.8,74.6,36.59,8.4,0.704
0,74.7,96.4,116.1,98.8,36.71,20.3,0.644
0,85.9,98.3,155.0,56.9,37.41,10.2,0.554
0,70.8,98.9,134.6,70.3,36.77,19.8,0.526
0,68.3,100.0,143.2,59.0,36.41,17.5,0.477
1,79.3,100.0,112.1,62.7,37.65,15.6,0.707
0,78.2,96.2,140.0,66.9,36.93,15.6,0.559
0,85.2,97.3,116.7,79.5,36.4,15.0,0.73
0,74.0,99.1,123.9,78.9,37.14,12.9,0.597
0,50.5,100.0,149.8,68.5,37.48,15.2,0.337
0,71.5,99.8,104.3,51.5,36.09,24.4,0.686
0,89.9,97.3,125.5,92.3,36.66,20.9,0.717
0,73.5,94.5,129.4,72.9,36.63,12.7,0.568
0,74.3,95.1,130.8,63.7,37.12,17.0,0.568
1,92.8,98.2,114.3,79.0,37.24,16.4,0.812
0,67.3,98.3,157.5,78.2,36.41,15.5,0.428
0,54.9,94.9,100.0,72.5,35.76,12.2,0.549
0,75.6,97.6,146.8,77.6,37.52,17.7,0.515
0,70.7,99.0,142.7,63.3,36.02,19.2,0.496
0,63.5,94.7,154.3,84.4,36.99,12.8,0.412
1,75.4,100.0,95.0,65.0,36.71,23.4,0.793
1,85.4,96.6,107.2,69.3,36.91,21.8,0.796
0,77.9,100.0,147.4,83.1,37.96,18.1,0.528
1,82.6,96.2,90.1,89.2,38.93,11.3,0.917
1,105.2,95.0,94.7,93.4,35.66,17.5,1.111
1,72.9,96.4,113.7,87.6,37.49,17.1,0.641
0,82.2,97.3,125.3,72.4,36.69,17.9,0.656
0,70.4,96.6,149.1,59.0,37.53,22.0,0.472
0,65.3,97.0,118.9,91.5,37.47,15.3,0.549
1,69.2,98.3,111.7,91.1,37.79,23.8,0.62
0,70.8,97.1,127.3,68.6,37.0,17.5,0.556
0,83.4,97.3,130.0,86.1,36.18,14.9,0.642
1,113.2,93.4,129.5,72.3,37.45,25.1,0.874
0,67.3,98.4,119.0,92.5,36.88,19.2,0.565
0,71.8,97.3,88.8,70.3,36.64,14.3,0.808
0,77.1,100.0,106.4,97.8,36.47,16.3,0.724
0,83.9,95.2,146.1,84.6,37.5,18.4,0.574
1,82.0,93.2,125.2,95.8,37.92,15.4,0.655
0,97.3,99.0,116.5,70.9,35.96,16.5,0.835
0,45.0,98.3,141.0,80.5,37.24,12.9,0.319
0,45.0,95.1,102.8,65.3,36.54,9.6,0.438
0,70.6,93.8,118.2,85.3,35.77,16.4,0.597
0,94.5,100.0,124.3,85.9,36.9,16.5,0.76
0,54.5,100.0,114.5,102.4,36.22,18.0,0.476
0,45.0,91.5,123.7,81.3,35.7,13.8,0.364
0,86.6,96.4,118.8,84.0,36.25,10.9,0.729
0,81.7,100.0,98.2,70.8,36.08,12.3,0.831
0,61.6,96.4,125.1,82.0,36.35,20.0,0.493
0,63.2,96.3,99.4,71.8,35.87,13.5,0.636
0,63.5,96.8,124.8,77.3,36.52,14.3,0.508
0,79.7,94.8,145.4,77.9,36.3,14.8,0.548
0,68.6,93.4,117.2,72.1,37.06,13.6,0.585
1,85.4,100.0,102.1,76.7,37.22,13.4,0.837
0,45.0,93.1,119.8,71.9,36.98,12.7,0.375
0,65.1,98.1,107.9,71.8,36.64,21.3,0.604
0,61.1,99.6,132.1,87.8,36.62,18.6,0.463
0,74.2,94.0,119.5,77.9,36.21,20.7,0.621
0,69.9,95.3,151.1,79.8,36.23,21.5,0.463
0,90.0,100.0,141.8,60.0,37.29,8.0,0.635
0,50.1,98.8,119.4,80.7,35.57,17.3,0.42
0,78.7,96.0,134.2,81.8,36.74,13.8,0.586
0,86.4,100.0,115.3,71.6,36.57,20.2,0.749
1,105.8,100.0,122.6,98.9,37.22,13.2,0.864
0,70.8,98.1,115.9,50.8,35.8,12.0,0.611
0,82.9,95.3,135.0,84.6,36.81,10.6,0.614
0,50.9,96.5,146.4,83.8,37.04,14.8,0.348
0,45.0,98.2,135.6,82.0,35.47,19.5,0.332
0,90.7,97.0,137.7,77.9,36.05,17.0,0.659
0,77.9,99.8,137.7,82.1,36.74,11.4,0.566
1,95.7,93.8,131.4,85.5,37.16,24.2,0.728
0,57.4,93.9,102.6,68.0,36.93,18.5,0.559
0,85.8,97.9,150.9,79.3,37.19,19.0,0.569
0,106.0,96.3,152.7,74.0,36.04,20.9,0.694
0,84.3,96.0,118.0,64.0,35.69,9.8,0.714
0,82.1,93.3,115.7,83.9,36.86,12.5,0.71
0,78.1,97.5,132.4,69.8,35.94,19.1,0.59
0,54.4,97.4,131.4,59.5,36.19,12.9,0.414
1,98.3,99.1,118.6,70.1,37.45,15.0,0.829
0,68.8,97.7,100.7,67.2,36.93,15.7,0.683
0,85.6,97.2,127.2,87.3,36.4,11.1,0.673
0,54.6,100.0,131.4,77.7,36.31,14.6,0.415
0,60.3,94.4,134.3,91.2,37.23,19.5,0.449
1,99.5,98.8,127.9,68.7,36.95,18.8,0.778
0,72.8,93.5,117.4,85.6,35.95,20.2,0.62
0,99.8,95.5,138.9,107.2,35.44,19.8,0.719
1,76.8,94.6,123.1,79.9,38.12,17.5,0.624
0,50.4,99.4,114.1,85.5,35.94,17.2,0.441
1,91.4,97.3,118.9,83.6,37.17,17.0,0.768
1,69.2,97.5,92.3,60.4,37.86,13.6,0.749
0,88.5,94.8,118.9,82.4,36.9,12.1,0.744
0,78.4,96.8,133.7,79.4,36.38,13.4,0.586
0,54.9,95.7,127.8,73.1,35.8,14.8,0.429
0,80.5,98.4,147.9,66.3,35.79,13.5,0.544
1,110.9,95.1,117.5,83.6,37.06,17.6,0.944
1,85.4,100.0,130.3,65.3,37.82,16.8,0.655
0,77.1,93.5,135.5,99.5,36.52,17.2,0.569
0,94.1,95.6,161.8,77.3,36.41,17.3,0.582
0,81.2,100.0,124.5,62.5,37.29,20.5,0.652
0,81.1,96.5,104.2,70.3,36.32,16.0,0.778
0,61.6,94.3,136.4,72.9,36.99,19.8,0.452
0,81.5,98.0,153.7,102.5,36.83,18.0,0.53
1,93.5,96.4,116.5,66.3,36.51,20.3,0.803
0,65.5,95.5,136.3,74.7,36.79,22.1,0.48
1,99.4,94.9,142.9,70.1,38.03,18.2,0.695
0,76.6,100.0,139.3,81.5,37.22,16.4,0.55
0,64.7,96.9,124.1,70.3,37.56,16.4,0.521
0,93.0,92.9,110.1,63.5,36.16,14.2,0.844
0,73.7,100.0,120.6,73.9,37.57,14.1,0.611
0,89.4,99.0,129.8,72.7,37.25,19.4,0.689
0,73.6,95.7,137.4,69.5,35.75,12.3,0.536
0,77.1,95.3,127.7,70.1,37.18,22.1,0.604
0,85.4,99.1,115.5,89.0,36.44,15.4,0.739
0,82.4,96.9,131.4,72.5,35.72,26.9,0.627
0,48.1,92.9,136.6,63.5,36.89,13.4,0.352
0,61.2,100.0,128.5,70.9,37.18,17.0,0.476
1,91.9,96.5,107.8,76.6,36.91,14.7,0.853
0,76.0,100.0,118.9,61.3,36.72,13.0,0.639
0,70.1,100.0,138.1,93.9,36.57,20.0,0.508
1,57.6,95.1,98.5,85.5,38.53,11.8,0.585
0,61.8,100.0,86.4,91.7,35.97,13.4,0.715
0,47.7,95.9,147.6,80.3,37.41,18.2,0.323
0,76.5,93.0,130.7,53.0,36.81,18.8,0.585
0,69.0,96.5,132.3,92.9,36.2,10.7,0.522
0,63.5,98.5,103.7,66.5,36.77,18.2,0.612
0,77.0,96.4,134.5,67.4,35.82,16.5,0.572
0,83.5,96.8,126.7,77.7,36.38,12.5,0.659
1,109.4,100.0,95.1,91.2,36.77,13.0,1.151
0,55.3,97.8,146.2,87.6,35.71,8.3,0.378
1,95.4,95.5,124.7,86.0,37.15,22.5,0.765
0,92.6,99.2,115.3,72.6,36.13,19.9,0.803
0,66.3,98.0,115.6,72.4,35.78,11.1,0.574
1,81.0,91.4,87.7,79.8,36.04,19.0,0.924
0,71.1,98.5,132.1,74.6,38.32,13.8,0.539
0,80.8,98.4,126.5,85.8,35.42,19.5,0.639
1,100.6,97.5,118.7,85.1,37.11,14.1,0.848
0,87.1,99.6,143.7,82.5,36.27,14.6,0.606
1,85.6,95.9,98.5,48.2,36.55,14.9,0.87
0,71.5,98.3,111.9,77.4,37.22,13.5,0.64
0,55.7,93.7,107.5,74.8,37.19,21.3,0.518
0,74.9,98.5,117.3,77.8,36.32,19.4,0.639
0,96.1,100.0,123.1,67.7,35.85,16.4,0.78
0,55.1,95.1,129.3,61.4,37.24,19.9,0.426
0,62.2,95.7,116.1,81.1,37.19,9.8,0.536
0,79.9,95.8,107.1,72.1,36.6,11.3,0.746
0,63.2,97.8,150.7,82.3,37.11,17.8,0.42
0,66.1,94.9,163.0,68.6,36.49,18.8,0.406
0,71.6,98.5,124.4,91.6,36.22,17.1,0.576
0,57.5,99.5,109.1,87.0,36.8,8.8,0.527
0,63.4,98.8,147.1,79.3,37.16,12.0,0.431
1,88.6,93.3,97.4,73.7,37.02,17.6,0.909
0,58.4,99.9,116.3,85.4,37.16,25.2,0.502
0,54.0,99.7,110.2,80.3,36.27,20.6,0.49
1,68.5,99.5,102.3,78.6,37.91,22.0,0.67
0,89.0,98.4,117.2,87.5,36.56,17.3,0.759
0,75.0,98.0,107.3,91.7,36.72,17.3,0.699
0,71.0,100.0,122.2,62.2,35.88,12.1,0.581
0,78.7,100.0,122.5,64.4,36.66,19.6,0.642
0,51.8,95.2,111.4,67.4,37.17,15.7,0.465
1,85.4,100.0,115.7,59.5,37.33,18.6,0.738
1,83.8,97.3,118.1,75.3,37.89,16.1,0.709
0,71.9,97.2,135.8,82.6,37.16,17.1,0.529
1,93.1,93.8,119.5,75.8,36.99,15.7,0.779
0,61.1,96.8,136.0,70.1,36.49,16.9,0.449
0,94.9,95.1,132.0,88.4,36.34,19.8,0.719
0,80.3,96.4,131.7,77.5,37.48,11.2,0.61
0,73.0,94.9,145.6,79.8,37.47,10.3,0.501
0,77.7,96.4,103.0,88.7,36.05,17.6,0.755
1,76.4,96.5,114.0,74.6,37.31,21.5,0.67
0,96.3,97.7,152.0,98.7,37.26,22.4,0.634
0,61.8,93.6,117.6,71.1,36.02,11.3,0.526
1,66.6,94.0,74.1,98.0,37.18,14.5,0.898
0,93.5,98.4,118.5,65.3,36.07,10.4,0.789
0,69.1,95.6,124.3,81.7,35.1,13.9,0.556
1,91.5,100.0,77.5,68.9,36.69,20.3,1.181
0,103.5,98.0,144.7,88.3,36.98,16.0,0.715
0,72.0,99.0,109.9,70.7,36.72,14.6,0.655
1,88.2,100.0,127.6,79.2,38.81,18.1,0.691
0,60.7,96.8,118.2,68.8,37.07,13.0,0.514
1,89.3,96.1,100.1,86.3,36.9,22.1,0.892
1,81.0,99.6,103.8,68.8,37.1,16.0,0.78
0,85.1,98.7,106.1,94.5,36.49,14.5,0.802
0,68.3,97.1,140.5,65.0,37.45,18.2,0.486
0,53.1,100.0,119.5,61.2,37.05,19.6,0.444
1,85.5,97.0,113.1,86.5,37.02,22.1,0.756
0,47.0,97.6,106.1,69.5,36.36,15.2,0.443
0,73.2,97.6,142.3,75.9,35.7,20.1,0.515
0,92.1,95.3,146.9,72.5,36.45,16.4,0.627
0,80.9,97.7,142.1,61.6,37.0,13.7,0.569
0,107.2,100.0,130.4,75.2,36.49,13.0,0.822
0,93.4,98.6,126.9,89.9,37.0,11.8,0.736
0,68.2,97.6,101.3,87.0,36.64,13.2,0.673
0,78.4,97.1,117.8,78.5,37.1,20.2,0.665
0,77.3,98.3,110.4,88.2,36.12,18.7,0.7
0,54.3,99.3,91.0,64.3,36.94,11.3,0.597
0,63.9,99.0,140.0,72.4,36.35,9.4,0.456
0,69.6,96.7,110.2,80.4,35.72,11.8,0.632
0,47.5,98.3,142.3,74.6,36.68,13.0,0.333
0,78.7,98.7,137.0,73.3,37.88,14.8,0.575
0,74.3,95.1,131.5,62.8,35.78,20.5,0.565
0,52.9,97.9,132.4,53.1,36.88,13.9,0.4
1,84.1,92.3,111.5,85.0,37.36,22.4,0.754
0,88.7,98.7,153.6,78.7,38.41,9.6,0.578
0,81.4,99.1,122.7,85.9,36.45,14.7,0.663
0,73.1,99.3,127.1,71.2,36.36,19.0,0.575
0,86.9,96.6,111.0,68.2,35.98,19.2,0.783
1,88.2,98.2,106.2,76.1,37.6,14.7,0.831
0,82.6,100.0,130.1,85.4,36.19,19.8,0.635
0,65.6,100.0,125.7,73.5,36.54,19.1,0.522
0,82.1,97.4,108.6,84.8,35.51,13.4,0.757
1,95.9,97.8,97.5,64.9,37.42,17.2,0.983
1,69.1,100.0,100.4,74.2,37.61,18.7,0.688
1,109.5,93.9,142.3,75.2,37.39,13.7,0.769
0,70.1,96.7,111.6,89.5,35.68,22.4,0.628
0,78.5,100.0,116.2,78.3,37.23,12.8,0.675
0,67.9,99.8,146.7,95.2,35.63,16.5,0.463
0,81.3,98.4,102.9,61.2,36.84,11.3,0.79
0,51.9,93.9,109.6,77.4,36.94,16.4,0.473
0,69.8,97.4,108.9,78.0,37.02,11.9,0.641
0,61.6,96.1,149.5,82.8,37.17,14.9,0.412
0,80.0,98.3,155.9,67.1,36.79,10.0,0.513
0,92.9,95.6,134.8,94.5,35.43,19.0,0.689
0,87.7,95.0,135.3,76.1,37.17,17.4,0.648
0,45.0,92.5,112.1,64.0,36.87,20.1,0.401
0,108.6,100.0,155.1,75.8,36.17,14.7,0.7
0,82.4,96.5,126.6,72.6,35.7,20.3,0.651
0,66.4,97.9,136.5,106.6,37.88,16.1,0.486
1,80.4,97.5,120.2,87.5,37.66,16.4,0.668
1,80.6,94.9,117.4,76.5,37.29,24.0,0.687
0,68.0,94.5,150.3,74.8,36.33,14.2,0.452
0,81.0,95.1,131.2,86.5,35.04,20.7,0.617
0,68.9,95.8,146.7,87.0,37.34,17.8,0.47
0,71.9,98.4,126.3,44.0,37.06,13.8,0.569
0,67.7,95.6,107.6,83.1,36.54,11.0,0.629
0,56.5,100.0,112.1,76.3,37.59,12.1,0.504
0,80.2,100.0,123.8,61.6,37.39,20.3,0.648
1,86.8,99.4,111.3,85.7,36.92,22.6,0.779
1,85.7,97.2,103.2,100.7,36.82,16.3,0.831
0,90.3,100.0,142.4,82.1,36.84,16.5,0.634
1,82.9,97.0,112.7,88.1,37.28,19.0,0.735
0,70.0,97.4,124.3,95.8,36.2,16.3,0.563
1,90.6,97.9,127.0,66.9,37.1,20.2,0.713
0,57.6,99.2,112.0,55.6,36.16,17.1,0.515
0,64.5,99.0,146.7,83.2,37.74,16.5,0.44
0,63.5,96.4,103.0,73.3,37.17,13.3,0.617
0,94.2,96.2,126.4,60.9,36.32,12.4,0.745
0,92.1,99.0,126.2,75.1,36.86,8.0,0.73
0,85.3,99.2,121.1,84.0,36.2,20.7,0.705
1,94.1,96.6,100.0,74.4,37.85,15.4,0.941
0,64.8,93.7,136.8,67.3,37.94,14.5,0.474
0,83.2,97.0,134.6,73.5,37.29,8.6,0.618
1,76.1,99.0,110.5,75.8,37.89,13.6,0.689
0,90.7,100.0,134.0,54.8,36.91,13.1,0.677
0,76.3,94.6,128.4,74.4,37.33,13.0,0.594
1,72.2,96.5,100.2,61.2,37.66,17.3,0.721
1,86.1,96.6,107.5,83.2,36.8,16.5,0.801
0,91.1,100.0,141.4,58.8,36.85,10.8,0.645
0,68.0,97.4,127.3,87.1,37.45,11.1,0.534
0,77.1,95.3,112.4,71.5,37.25,11.1,0.686
0,62.1,98.8,107.4,70.0,36.27,22.9,0.578
0,45.0,96.5,113.2,79.2,35.27,21.7,0.397
0,81.0,94.6,114.4,66.5,36.68,12.8,0.708
0,87.1,95.4,107.6,79.1,35.33,8.5,0.81
0,81.9,100.0,92.4,67.9,36.11,16.5,0.887
0,48.8,98.4,141.4,69.9,36.19,16.2,0.345
0,72.7,97.8,138.5,80.5,36.4,17.2,0.525
0,45.0,96.9,100.4,63.5,37.37,18.8,0.448
1,98.5,98.2,124.3,62.1,37.53,17.7,0.793
0,61.7,98.2,106.7,78.7,37.16,11.8,0.579
1,96.8,98.2,117.6,75.7,37.24,17.1,0.824
1,92.2,97.8,116.1,77.9,37.26,19.2,0.794
0,64.5,99.6,114.7,79.6,35.05,13.2,0.562
0,61.0,97.6,156.1,76.6,36.81,17.1,0.391
0,83.3,95.2,114.5,82.7,35.54,13.9,0.727
1,65.3,96.0,108.3,77.1,37.16,23.6,0.604
0,79.5,92.8,109.0,53.9,35.33,11.0,0.729
0,70.8,100.0,139.7,56.8,36.67,20.4,0.506
0,51.3,99.6,93.9,97.2,37.18,9.7,0.546
0,45.0,95.5,109.0,76.0,36.02,22.8,0.413
0,81.4,96.8,146.6,86.5,37.47,11.7,0.555
0,69.6,96.0,126.1,72.2,37.15,16.7,0.552
0,69.7,100.0,125.3,75.4,37.07,9.8,0.556
0,88.4,94.1,158.2,71.0,37.29,10.9,0.559
0,95.6,97.8,126.2,103.1,36.55,19.4,0.758
0,73.9,97.2,110.0,78.8,36.91,19.9,0.672
0,72.9,99.5,117.2,70.1,36.81,16.9,0.622
1,85.5,97.3,102.7,57.8,36.79,18.8,0.833
0,57.6,93.3,143.4,97.7,36.33,20.0,0.402
0,81.3,96.9,131.8,74.2,35.93,13.4,0.617
0,86.3,95.2,141.1,84.2,36.56,10.7,0.611
0,88.2,97.7,142.6,85.4,36.53,15.9,0.618
0,48.9,100.0,115.0,70.9,36.28,13.8,0.426
1,66.6,93.3,105.9,83.4,37.4,17.5,0.628
0,64.8,95.6,121.1,69.4,35.98,18.1,0.535
0,79.5,96.2,107.2,65.1,36.68,13.4,0.742
1,85.2,96.6,124.8,88.8,37.62,18.7,0.683
1,100.5,99.3,141.2,74.3,37.44,18.5,0.711
1,70.6,97.1,119.1,81.7,37.65,18.7,0.592
0,70.5,98.5,124.5,80.5,36.39,14.5,0.566
1,95.2,96.0,120.4,83.0,37.35,19.0,0.791
0,82.4,98.1,135.6,58.9,36.06,18.0,0.608
1,97.0,99.4,110.6,69.6,36.61,18.4,0.877
1,82.3,95.7,84.7,72.4,36.67,22.4,0.972
0,60.6,99.4,130.0,66.9,36.4,17.2,0.466
0,58.0,97.6,138.8,80.7,36.55,13.7,0.418
0,54.7,100.0,129.6,89.1,36.45,11.8,0.422
0,87.9,97.0,111.1,90.8,36.11,20.3,0.791
1,95.8,98.4,102.7,72.3,37.4,17.4,0.933
1,105.7,97.4,130.4,79.2,36.67,22.3,0.811
0,90.6,97.3,124.4,80.9,36.94,8.3,0.729
1,95.4,98.1,119.9,82.8,36.91,19.5,0.796
0,69.3,98.8,153.0,66.3,36.84,15.0,0.453
0,60.7,94.5,105.9,96.0,36.86,14.7,0.573
0,90.8,100.0,152.2,86.2,36.59,13.1,0.596
1,84.3,93.0,122.5,86.5,37.79,19.4,0.688
1,79.6,95.9,90.8,89.2,37.33,18.3,0.877
0,83.8,97.3,119.0,81.9,36.81,11.7,0.705
0,82.8,98.5,138.3,64.7,36.49,16.6,0.599
1,97.3,100.0,115.8,74.5,36.72,18.7,0.84
1,97.4,93.0,96.9,57.8,37.09,16.7,1.005
1,86.2,96.3,119.2,80.6,37.85,20.2,0.723
0,90.7,92.4,107.4,74.1,35.84,14.9,0.844
0,85.7,97.6,130.4,75.6,37.26,8.0,0.657
0,71.1,98.2,135.1,89.2,37.59,16.7,0.526
0,89.3,100.0,104.0,71.0,35.76,16.7,0.859
0,57.1,97.8,110.0,73.2,36.67,17.2,0.519
0,93.8,100.0,134.9,76.2,36.05,20.2,0.696
0,60.1,98.9,107.4,55.8,37.1,8.6,0.559
0,82.3,96.5,103.6,73.1,36.55,15.1,0.794
0,65.3,94.1,102.0,48.7,36.71,12.5,0.641
0,86.3,98.2,128.0,69.6,36.51,11.4,0.674
0,77.5,93.9,127.3,85.4,37.3,15.7,0.609
0,54.1,100.0,110.4,80.9,36.96,18.7,0.49
0,84.3,97.1,122.1,69.5,36.96,17.1,0.691
0,69.3,100.0,148.0,76.4,36.91,13.4,0.469
1,91.2,96.3,105.4,64.2,37.2,15.4,0.865
1,78.0,98.1,88.8,76.0,36.62,19.5,0.878
1,83.9,98.0,129.7,108.2,37.99,18.6,0.647
0,63.6,97.4,120.1,96.3,35.94,13.9,0.53
0,69.2,96.5,109.9,76.6,35.59,13.7,0.629
0,71.1,98.4,133.1,77.8,35.53,9.5,0.534
0,90.9,95.3,136.3,65.2,35.34,14.4,0.667
1,103.2,94.6,84.5,67.2,37.27,9.4,1.221
0,65.9,100.0,110.9,80.0,37.19,23.9,0.594
0,94.2,99.2,161.4,70.2,37.65,12.8,0.583
0,45.5,97.7,131.9,85.9,36.06,20.2,0.345
0,60.1,100.0,133.5,93.3,37.32,22.9,0.45
0,63.6,96.9,141.9,79.7,36.84,16.8,0.448
0,57.7,100.0,122.3,77.1,36.92,15.6,0.472
0,54.2,97.9,135.5,57.5,37.24,11.0,0.4
0,84.2,95.0,134.2,84.2,36.27,14.1,0.627
1,74.8,100.0,131.2,63.4,38.61,22.1,0.57
1,83.7,99.9,116.5,71.4,37.73,17.3,0.718
0,88.4,97.2,124.9,86.6,36.43,16.1,0.707
0,82.0,99.2,112.0,87.3,36.04,21.0,0.732
0,87.9,96.5,122.2,70.9,36.74,18.6,0.719
0,77.0,99.5,102.1,71.5,36.93,15.4,0.753
1,60.2,91.8,108.6,68.3,37.55,16.8,0.554
0,93.9,95.1,117.2,62.8,35.98,13.1,0.801
0,69.2,99.9,106.0,69.0,37.0,13.9,0.653
0,64.0,96.9,113.4,58.3,35.73,15.2,0.564
0,75.3,98.0,119.2,83.5,37.11,18.1,0.632
0,64.3,94.3,128.8,80.3,36.72,11.3,0.499
0,71.7,100.0,138.1,82.2,38.16,16.3,0.519
0,83.2,100.0,114.1,65.5,35.72,14.5,0.729
0,83.2,97.0,144.7,62.9,37.76,12.6,0.575
0,64.5,96.5,138.0,76.6,35.61,14.5,0.468
0,70.7,100.0,130.6,76.7,35.87,8.0,0.541
0,94.1,100.0,124.6,74.4,35.63,13.1,0.755
0,85.4,99.8,127.4,72.8,36.98,11.8,0.671
0,109.1,100.0,142.2,94.8,35.98,14.9,0.768
0,95.7,95.3,142.8,80.7,35.86,8.0,0.67
0,95.2,95.5,144.7,97.7,36.94,16.7,0.658
0,57.2,94.6,122.7,90.0,37.12,19.5,0.466
0,89.5,98.6,131.4,94.7,36.83,15.6,0.681
0,77.2,97.9,144.8,64.2,36.69,17.9,0.533
1,69.7,97.1,111.4,82.5,38.08,14.1,0.626
0,80.5,99.4,116.6,71.3,36.9,10.1,0.691
1,92.2,100.0,122.3,57.7,37.36,16.0,0.754
0,85.5,93.8,137.3,92.5,36.9,18.6,0.623
0,64.8,96.1,137.6,72.8,36.03,11.0,0.471
0,89.1,99.5,118.1,64.4,37.18,14.2,0.755
0,68.4,96.4,96.4,71.4,36.34,15.1,0.71
0,81.3,95.6,126.2,67.2,36.74,26.8,0.644
0,73.4,99.9,106.4,68.4,37.01,16.8,0.69
0,74.7,94.4,96.7,73.6,35.44,8.8,0.773
0,89.5,96.8,100.5,95.0,35.67,8.0,0.89
0,62.4,98.3,127.5,68.7,37.44,18.8,0.489
0,107.2,96.1,145.1,94.3,36.34,25.4,0.738
0,50.7,99.4,122.7,85.3,36.37,14.9,0.413
0,69.0,96.1,125.6,80.4,36.92,14.7,0.55
0,83.6,100.0,142.1,84.2,36.53,17.6,0.588
1,86.8,97.2,95.7,76.2,37.09,13.0,0.906
0,76.5,99.1,130.8,90.1,36.76,8.0,0.585
0,77.1,99.3,121.8,82.2,36.94,19.9,0.633
0,84.2,96.0,131.6,57.7,36.31,13.7,0.639
1,74.5,92.6,113.8,79.3,36.94,20.0,0.655
1,98.9,98.4,108.1,84.6,37.57,13.1,0.915
0,90.6,97.7,124.4,72.8,36.4,16.5,0.728
0,91.1,98.8,150.0,77.4,37.44,19.2,0.607
0,63.5,97.0,136.6,69.3,36.76,20.1,0.465
1,76.8,96.5,113.4,60.8,37.31,16.9,0.678
0,73.5,100.0,99.2,58.9,36.89,16.7,0.741
0,62.9,94.0,93.4,59.1,36.78,18.4,0.674
0,83.4,99.3,144.4,83.4,37.04,17.8,0.578
1,69.9,96.1,105.8,48.6,37.65,11.1,0.661
0,87.8,96.7,116.5,68.7,36.97,11.2,0.754
0,61.9,96.7,144.5,67.6,37.13,8.0,0.429
1,103.8,95.6,94.6,72.9,36.54,18.9,1.098
0,64.6,98.9,147.4,55.6,37.9,14.5,0.438
0,81.3,100.0,117.7,80.4,37.25,19.1,0.691
1,89.9,98.6,102.5,62.0,36.85,17.5,0.877
0,69.4,97.7,117.8,88.5,36.71,12.2,0.59
1,90.8,95.1,109.7,69.2,37.48,15.5,0.827
0,59.6,98.7,129.5,74.9,36.38,14.3,0.46
0,99.8,100.0,111.0,76.0,35.55,13.7,0.899
1,78.2,96.6,89.5,78.7,36.85,19.5,0.874
1,69.1,96.6,118.3,76.4,37.63,25.5,0.584
1,73.5,96.2,98.9,71.3,37.91,20.2,0.743
0,90.1,96.3,125.5,79.8,36.72,15.9,0.718
1,69.2,90.9,101.8,81.1,36.83,20.8,0.68
0,66.8,98.5,113.7,67.6,37.16,22.5,0.587
0,74.7,95.5,125.1,80.7,36.61,10.7,0.597
0,60.3,93.6,118.4,89.1,37.16,20.7,0.51
1,105.3,99.3,126.3,83.8,36.74,18.9,0.834
0,69.5,94.9,133.6,86.3,37.51,20.5,0.52
1,90.5,96.7,102.3,77.9,37.31,19.1,0.884
0,81.1,100.0,120.9,65.7,37.37,15.1,0.671
1,63.2,94.1,65.4,67.1,36.66,23.7,0.967
1,77.9,93.8,126.2,79.5,38.15,17.3,0.617
1,89.8,98.1,116.9,86.4,37.14,14.3,0.768
0,75.2,100.0,105.3,106.6,36.97,17.9,0.714
0,95.9,93.7,127.4,86.8,36.27,19.7,0.753
0,93.3,98.5,141.9,63.1,36.73,16.4,0.657
1,91.8,98.9,113.9,67.6,36.88,17.5,0.806
0,71.1,92.6,105.9,101.1,36.25,16.3,0.671
0,61.8,99.4,124.8,73.6,36.6,13.5,0.495
0,68.8,99.6,99.3,76.5,36.68,12.9,0.693
0,80.9,96.8,110.8,65.4,36.84,10.7,0.731
0,86.2,100.0,142.8,93.2,35.57,21.8,0.604
0,45.4,100.0,123.1,81.5,36.71,15.2,0.369
0,77.9,97.7,90.0,67.5,36.54,8.0,0.865
1,80.4,96.4,91.5,65.1,36.79,17.5,0.879
0,73.8,95.2,124.8,79.4,37.52,17.4,0.592
1,97.4,97.4,136.7,76.5,38.24,8.9,0.712
1,84.3,98.9,94.5,85.2,37.27,12.8,0.892
0,97.7,96.7,129.6,82.0,35.94,12.7,0.753
0,74.8,92.2,144.6,73.1,36.56,13.2,0.517
0,92.1,100.0,154.1,70.0,37.22,20.6,0.597
1,102.5,98.0,127.6,74.2,37.14,15.4,0.803
1,97.7,96.6,130.6,69.9,37.49,14.4,0.748
0,61.6,99.6,85.7,74.6,36.73,20.3,0.719
0,74.2,100.0,157.7,76.2,36.55,17.9,0.47
1,72.8,90.8,112.2,66.1,38.03,9.4,0.649
0,85.3,98.5,106.1,82.9,36.84,13.7,0.804
0,88.3,94.1,117.7,71.9,36.09,17.2,0.75
0,65.4,98.7,147.7,66.7,37.83,12.5,0.443
0,79.0,97.8,159.5,72.1,35.75,23.7,0.495
0,47.7,99.0,124.1,78.7,35.0,16.4,0.384
1,99.6,96.3,139.0,76.9,37.34,13.1,0.717
0,70.3,93.0,122.7,80.6,37.44,11.7,0.573
1,78.8,96.4,104.4,85.9,37.09,19.5,0.755
0,73.4,98.5,147.1,90.4,35.89,13.5,0.499
1,95.2,99.9,111.4,79.1,36.76,17.4,0.854
0,45.0,94.7,148.1,64.2,36.61,11.6,0.304
0,77.8,100.0,144.1,73.0,36.42,16.3,0.54
0,76.4,95.9,132.4,65.0,37.79,13.6,0.577
0,71.2,98.4,153.1,94.7,36.07,14.8,0.465
0,103.9,96.3,159.9,97.9,37.02,13.0,0.65
0,64.7,97.9,119.0,83.2,37.64,19.9,0.544
1,89.6,99.6,108.3,85.4,37.07,14.1,0.827
1,83.3,94.6,90.3,78.8,37.67,15.5,0.923
0,96.9,95.9,160.2,80.0,37.19,15.6,0.605
0,68.0,97.9,114.5,58.4,37.1,22.1,0.594
0,67.0,100.0,141.3,75.2,37.06,19.4,0.474
1,94.4,95.4,109.4,66.3,37.23,19.0,0.863
0,84.4,100.0,148.2,79.1,36.53,10.0,0.57
0,54.8,100.0,110.1,75.3,35.89,13.5,0.498
1,69.9,97.3,101.7,97.4,37.47,20.5,0.687
1,83.8,96.8,118.5,86.1,37.61,11.6,0.707
1,90.6,95.8,113.0,79.1,36.98,16.3,0.802
0,67.8,97.3,132.1,73.1,36.42,12.0,0.513
0,45.0,94.1,121.1,94.4,35.71,12.3,0.372
0,85.8,97.3,132.7,75.7,36.86,22.4,0.647
0,59.7,100.0,117.1,79.6,35.86,18.7,0.51
0,47.7,96.0,110.7,76.5,35.76,19.7,0.431
0,45.0,96.9,112.1,71.6,36.79,19.0,0.402
0,90.2,93.4,156.8,76.4,36.27,15.5,0.575
0,79.9,98.4,125.8,54.4,37.04,13.4,0.635
1,74.6,98.1,88.3,59.0,36.69,14.5,0.845
0,98.8,97.7,113.2,79.8,36.38,15.3,0.873
0,87.6,97.0,123.6,93.3,35.61,22.7,0.708
0,102.2,96.8,153.4,79.8,36.2,10.9,0.667
0,57.1,98.7,139.5,68.1,36.23,13.9,0.409
0,77.5,97.4,106.3,60.1,35.94,12.5,0.729
0,53.7,98.3,163.1,84.6,36.57,20.0,0.33
0,74.6,98.0,121.5,69.8,36.0,23.0,0.614
0,74.3,100.0,143.2,83.1,36.69,17.2,0.519
1,87.4,99.1,102.4,80.3,36.97,17.5,0.854
1,78.7,98.0,81.2,81.3,36.22,16.3,0.969
1,87.4,100.0,98.1,76.4,37.1,17.7,0.891
1,88.6,98.5,66.7,80.2,35.85,18.9,1.327
0,110.3,100.0,157.9,74.7,36.02,17.6,0.699
0,73.3,99.0,125.6,69.0,36.72,17.9,0.583
1,63.9,93.1,106.3,65.4,37.28,18.9,0.601
0,81.7,100.0,129.7,49.8,37.41,9.2,0.63
0,66.0,97.8,125.2,74.0,37.93,16.0,0.527
0,100.2,97.4,132.6,92.7,36.54,17.2,0.756
0,73.8,98.2,142.6,84.0,36.71,17.6,0.517
0,69.5,96.7,117.1,78.5,36.08,15.4,0.594
0,70.9,98.0,107.0,67.9,35.92,16.6,0.663
0,88.8,96.1,136.1,87.0,36.96,13.3,0.652
0,75.6,100.0,135.6,74.7,36.26,9.3,0.558
0,68.4,97.2,123.7,93.3,37.66,19.7,0.553
0,103.0,96.6,159.0,65.2,35.78,11.7,0.648
0,65.2,95.3,114.6,67.8,37.14,15.4,0.569
0,78.5,98.1,106.7,66.7,36.1,13.2,0.736
0,87.8,97.9,129.1,59.7,36.23,22.0,0.68
0,53.5,98.4,110.5,65.7,37.18,15.7,0.484
0,85.2,95.0,130.4,77.1,36.33,14.8,0.653
0,62.2,93.7,107.8,68.2,36.44,18.8,0.577
0,90.3,99.0,115.2,40.0,36.23,24.2,0.784
0,63.6,100.0,154.1,87.8,38.05,17.5,0.412
0,88.4,95.0,115.1,57.5,36.37,14.6,0.768
1,94.6,100.0,108.4,82.5,36.84,18.6,0.872
0,90.9,98.2,141.9,76.3,36.66,10.0,0.641
1,81.8,97.5,104.1,99.3,36.95,16.2,0.785
0,74.5,96.5,110.2,87.0,36.37,23.6,0.676
0,69.4,94.2,131.8,70.4,36.66,16.6,0.526
0,100.1,99.9,138.0,68.3,37.08,16.4,0.725
0,67.5,95.6,142.7,92.5,36.2,16.1,0.473
0,62.4,95.6,109.3,59.8,37.56,14.5,0.571
1,88.0,99.9,132.1,78.1,37.63,17.2,0.666
0,66.1,93.0,114.1,74.6,37.22,18.9,0.579
0,63.7,93.8,111.7,72.2,36.85,14.7,0.571
0,56.3,97.5,142.5,79.9,35.0,8.0,0.396
0,70.8,98.2,112.7,78.1,37.1,17.8,0.628
0,76.8,98.7,126.7,81.0,36.53,24.1,0.606
0,81.6,96.8,124.6,77.5,36.63,14.6,0.655
0,92.3,100.0,103.8,80.6,35.47,10.4,0.889
0,85.9,97.0,138.4,77.0,37.15,18.6,0.621
0,75.1,96.9,131.5,68.7,35.79,22.6,0.571
1,75.0,95.6,88.2,76.0,36.88,18.0,0.85
1,85.7,97.8,126.7,68.1,37.43,22.6,0.676
1,97.1,99.0,108.9,67.4,36.47,19.0,0.892
0,79.9,100.0,140.7,72.3,37.65,18.7,0.568
0,71.0,93.9,97.4,74.7,36.28,14.0,0.728
0,63.1,96.9,115.9,76.4,37.22,17.1,0.544
0,56.3,98.6,128.2,86.1,35.89,15.9,0.439
1,88.0,98.9,122.9,70.5,37.52,15.8,0.716
0,86.7,97.5,135.0,78.2,37.41,15.0,0.642
1,86.7,98.8,96.2,77.3,37.13,16.9,0.901
0,76.1,95.6,150.1,69.3,36.52,11.1,0.507
0,99.1,100.0,130.9,76.8,35.82,19.1,0.757
0,70.7,99.9,145.1,87.0,36.53,12.7,0.487
1,92.3,94.3,136.9,78.1,37.58,15.0,0.675
0,77.4,94.9,121.8,78.5,36.89,17.3,0.636
0,68.9,95.0,100.2,68.2,35.71,12.5,0.688
0,86.9,99.1,112.4,97.7,36.01,8.5,0.773
0,84.1,94.4,149.0,68.9,37.68,14.5,0.565
0,83.4,96.7,145.6,57.7,37.14,10.6,0.573
0,79.2,98.6,111.5,85.5,35.94,18.7,0.711
0,77.4,97.3,74.1,74.7,35.56,11.6,1.045
1,113.8,98.1,118.4,72.7,36.36,21.6,0.961
0,95.8,94.9,117.1,70.0,35.5,16.0,0.818
0,88.8,98.9,117.8,96.6,36.69,16.2,0.754
1,79.7,96.0,131.0,79.9,38.52,8.5,0.608
0,93.1,96.7,136.9,82.0,35.68,16.6,0.68
0,85.8,98.1,138.8,77.8,36.67,15.7,0.618
0,78.4,97.7,129.6,79.0,37.72,11.1,0.605
1,73.4,97.6,91.4,91.4,37.32,16.3,0.804
0,76.8,95.7,116.2,73.2,36.7,14.5,0.661
0,45.0,96.8,161.2,60.0,36.7,15.2,0.279
0,81.2,97.5,128.4,85.5,35.99,16.1,0.632
0,70.7,94.2,128.3,81.5,36.61,14.2,0.551
1,101.9,96.4,128.1,77.2,36.97,16.9,0.795
0,78.3,98.4,129.1,81.2,37.57,15.7,0.607
0,60.2,94.4,81.5,71.9,36.37,17.8,0.738
0,77.3,100.0,117.9,76.2,36.67,14.0,0.655
0,62.3,100.0,121.4,74.6,36.14,12.0,0.513
0,85.1,94.5,143.8,69.5,36.96,13.3,0.592
1,82.4,100.0,122.8,89.1,37.35,21.5,0.671
1,92.4,97.2,94.0,60.5,37.24,19.6,0.983
0,66.1,98.5,129.3,102.0,35.98,20.6,0.511
1,78.5,96.3,108.3,85.7,36.9,20.9,0.725
0,57.5,99.7,101.3,56.4,36.33,14.2,0.568
1,88.5,98.5,107.8,73.5,37.51,17.1,0.821
0,85.8,95.5,131.2,74.1,36.69,16.3,0.654
0,85.4,94.7,143.4,80.3,35.74,18.5,0.596
0,78.0,94.0,130.2,65.1,36.65,14.9,0.599
0,84.2,98.0,132.7,76.4,37.12,16.4,0.634
1,102.1,98.9,130.0,74.7,36.97,16.3,0.785
0,73.7,99.1,123.7,67.9,36.44,18.0,0.596
0,80.1,97.2,133.8,66.4,36.39,18.5,0.598
0,61.7,94.7,80.9,86.1,36.11,16.4,0.763
0,65.0,95.9,123.9,57.3,36.52,16.5,0.524
0,79.5,100.0,104.2,81.3,36.2,16.9,0.762
1,94.6,96.3,141.8,84.8,37.48,22.3,0.667
0,74.2,97.8,119.5,73.6,36.17,9.4,0.621
0,74.5,94.9,122.5,76.6,36.89,12.3,0.608
0,71.9,98.3,96.4,88.8,36.84,18.6,0.746
0,70.0,96.4,139.3,68.2,37.46,17.0,0.502
0,82.4,100.0,132.7,69.4,37.56,17.0,0.621
0,55.5,99.4,131.5,70.5,37.29,18.5,0.422
1,97.2,96.3,108.2,88.8,37.05,16.8,0.899
0,68.0,97.2,108.8,90.2,36.07,13.9,0.625
0,88.8,96.2,125.8,60.6,36.05,18.4,0.706
0,59.0,94.1,110.2,87.1,36.21,16.1,0.535
1,88.0,95.4,129.4,85.0,37.33,14.3,0.68
1,88.1,98.0,85.3,93.1,36.85,18.6,1.033
1,83.8,98.3,113.7,80.2,37.41,18.5,0.737
0,63.1,97.9,152.5,75.5,37.5,16.8,0.414
0,81.7,96.8,129.5,88.6,36.29,22.5,0.631
0,60.3,99.7,124.8,83.7,36.82,21.0,0.483
0,74.2,97.7,155.7,100.7,36.79,19.8,0.476
1,93.4,99.2,82.3,86.5,36.57,25.8,1.136
1,90.0,93.2,108.1,77.7,36.43,15.4,0.832
1,78.2,88.1,115.2,63.1,37.63,14.2,0.679
0,63.4,98.2,136.6,69.6,36.84,19.3,0.464
0,87.7,94.1,136.9,60.2,36.81,15.0,0.641
0,78.3,97.0,107.3,73.6,36.24,16.0,0.73
0,45.0,96.8,139.0,86.2,37.27,12.3,0.324
0,89.7,100.0,115.1,76.0,36.1,18.3,0.779
0,77.6,98.5,142.6,87.2,37.12,10.4,0.544
1,96.0,97.9,104.4,79.7,37.14,15.6,0.919
0,61.6,99.5,119.9,71.6,36.51,15.9,0.514
0,45.0,98.4,113.7,77.0,37.02,14.3,0.396
0,82.2,96.4,140.0,81.2,36.93,9.3,0.587
0,82.4,100.0,113.1,77.5,36.77,9.3,0.728
0,52.6,94.8,121.3,77.7,36.81,13.2,0.434
0,63.3,98.3,130.6,67.5,36.84,18.0,0.485
1,119.3,93.8,131.3,71.2,36.89,17.1,0.909
0,73.4,98.0,137.1,100.8,36.84,15.9,0.536
0,89.0,98.0,125.6,89.5,36.03,12.6,0.708
0,68.2,100.0,114.9,59.8,36.69,17.3,0.594
0,46.6,93.7,116.1,50.0,36.99,9.2,0.402
0,75.4,96.1,122.4,76.8,36.87,8.0,0.616
0,74.0,99.5,126.2,85.8,37.47,15.1,0.586
0,72.0,98.3,119.5,70.3,37.23,13.9,0.603
0,76.3,97.9,122.3,87.2,36.19,19.9,0.624
1,82.0,95.2,96.2,76.7,36.68,16.6,0.852
0,75.7,96.1,133.3,74.2,36.58,22.3,0.568
0,59.0,100.0,125.1,84.3,36.8,13.9,0.472
0,85.3,97.4,139.0,70.1,36.8,17.8,0.613
0,48.8,98.4,122.0,72.8,37.23,15.0,0.4
0,47.2,97.2,92.4,83.4,36.92,21.3,0.511
1,89.1,94.7,115.9,75.7,37.66,15.2,0.769
0,85.6,99.7,118.6,97.0,36.97,19.2,0.722
0,77.1,98.7,134.6,83.6,36.22,11.9,0.573
0,57.1,100.0,86.8,82.9,36.47,14.4,0.657
0,67.4,95.1,122.7,75.5,37.22,15.7,0.549
0,74.1,99.5,130.7,85.6,35.67,20.8,0.566
0,54.1,94.4,110.8,72.5,35.86,8.0,0.488
0,66.9,97.9,123.3,79.1,36.81,14.7,0.543
1,87.8,99.8,111.3,65.9,37.47,14.6,0.788
1,99.4,92.5,109.6,87.4,37.71,8.1,0.907
0,71.7,97.0,115.1,79.2,36.65,14.2,0.623
1,89.3,96.1,109.9,97.8,37.54,10.1,0.813
0,49.3,95.8,133.6,102.3,36.85,8.0,0.369
0,87.9,98.4,109.5,84.4,35.73,15.0,0.803
0,65.9,100.0,106.7,76.8,36.79,14.9,0.618
0,82.6,97.2,152.1,65.6,36.37,15.1,0.543
0,74.3,98.0,138.3,86.0,37.44,17.0,0.537
1,97.8,97.8,90.4,78.3,36.78,12.7,1.082
0,64.9,97.5,109.0,81.9,35.91,22.8,0.595
0,87.4,94.9,126.1,95.0,35.75,15.9,0.693
0,73.8,100.0,127.5,66.9,36.79,20.9,0.579
0,75.6,98.2,96.7,65.8,35.11,9.6,0.782
0,75.2,98.4,141.7,73.4,36.44,12.8,0.531
0,65.3,95.6,136.0,85.0,36.96,18.6,0.48
0,77.8,96.4,130.2,82.1,36.06,15.1,0.597
0,77.1,97.1,145.1,66.1,37.5,11.9,0.531
0,81.6,93.8,129.7,84.3,37.63,9.0,0.629
0,79.3,93.4,129.6,62.8,36.09,18.8,0.612
0,90.0,96.1,148.5,66.8,36.59,18.5,0.606
0,91.9,98.8,140.7,74.7,37.5,16.9,0.653
0,62.2,95.9,107.7,69.9,36.8,14.1,0.578
0,91.0,95.1,132.8,85.8,35.82,11.8,0.686
0,60.2,95.5,110.7,79.2,36.7,15.8,0.544
0,86.8,96.4,130.6,95.4,36.2,11.0,0.665
1,87.3,96.7,130.1,73.3,37.58,13.1,0.671
0,49.3,100.0,98.5,74.7,37.22,20.8,0.501
0,79.4,100.0,119.9,89.3,36.58,9.0,0.662
0,71.0,100.0,126.5,75.0,36.9,18.6,0.561
0,66.6,100.0,114.6,92.4,35.88,21.7,0.581
0,98.3,95.1,127.4,81.9,36.27,19.1,0.772
0,68.2,94.6,135.7,50.1,37.89,17.5,0.503
0,65.9,94.8,121.5,89.0,36.84,14.2,0.543
0,79.1,100.0,125.8,86.0,37.45,13.5,0.629
0,88.3,96.2,145.5,86.5,36.96,8.0,0.607
1,75.9,94.5,130.0,55.0,37.72,16.1,0.583
0,95.5,96.5,125.4,68.7,35.4,14.5,0.761
0,86.0,96.9,105.7,69.5,36.67,13.3,0.813
0,45.3,98.1,133.4,66.7,37.95,15.9,0.34
0,70.1,98.1,127.6,95.2,37.47,16.2,0.549
0,69.6,95.5,143.8,75.9,37.73,13.6,0.484
0,85.2,99.1,122.8,75.6,36.8,22.1,0.694
0,45.0,96.0,91.1,82.1,36.42,18.8,0.494
1,116.2,97.1,93.1,82.3,36.08,19.4,1.249
0,86.0,99.1,134.5,40.0,36.03,15.6,0.639
1,80.2,96.0,112.3,68.9,37.36,17.9,0.714
1,95.7,96.1,129.4,60.5,37.16,12.6,0.74
1,113.2,98.9,123.9,80.4,36.75,18.5,0.913
1,91.1,95.4,119.2,72.8,37.16,15.2,0.764
0,92.2,96.6,120.4,76.2,36.9,12.1,0.766
1,80.0,98.8,107.3,53.1,37.47,15.9,0.745
0,75.9,100.0,121.7,72.6,37.47,14.9,0.623
0,70.9,99.0,112.1,88.3,36.05,24.8,0.632
0,65.6,98.6,115.7,91.5,36.99,17.7,0.567
0,67.7,98.8,116.5,83.9,35.63,22.0,0.581
0,57.7,94.9,118.1,61.3,36.89,20.3,0.489
0,76.9,97.8,137.7,89.9,37.22,16.1,0.558
0,52.7,97.4,119.8,84.0,35.88,14.3,0.44
0,80.9,98.3,139.4,74.7,36.51,9.4,0.58
0,77.5,97.8,148.1,53.7,36.81,12.7,0.523
0,80.2,98.4,136.5,86.5,36.96,18.5,0.587
0,70.2,96.8,131.1,69.5,36.6,14.9,0.535
1,124.2,97.6,127.6,79.8,35.98,17.4,0.973
0,98.4,94.6,136.7,76.8,36.76,8.3,0.72
0,59.3,96.7,123.5,92.9,35.64,17.7,0.48
0,81.5,100.0,138.7,74.6,36.64,20.2,0.587
0,68.9,98.3,132.4,75.8,36.49,9.3,0.52
0,62.8,97.4,115.9,93.4,36.71,17.4,0.542
0,57.9,100.0,137.2,68.8,36.41,21.1,0.422
0,84.5,94.2,123.6,85.0,35.74,22.4,0.684
0,67.8,94.8,120.2,73.8,36.54,14.1,0.564
1,92.5,100.0,113.9,65.0,37.45,19.0,0.812
1,92.9,97.6,124.8,76.0,37.68,21.4,0.744
1,98.6,96.9,138.9,83.6,38.51,17.5,0.71
0,65.2,94.6,137.1,90.9,37.98,20.9,0.476
0,85.1,98.6,128.0,92.2,35.96,15.9,0.665
0,87.5,98.8,132.2,72.8,36.51,17.5,0.662
0,70.9,94.9,143.6,65.1,36.78,13.6,0.494
0,66.4,97.2,119.5,72.5,36.74,15.4,0.556
1,102.1,96.7,103.0,63.0,36.85,17.6,0.991
1,81.4,98.1,144.1,73.6,38.49,13.4,0.565
0,87.5,94.8,113.0,72.2,36.04,15.2,0.775
0,65.7,100.0,110.3,84.0,36.3,18.9,0.596
1,59.7,99.7,91.5,51.7,37.95,23.8,0.653
0,69.5,96.6,131.7,67.9,36.37,8.2,0.527
1,76.1,97.0,94.4,68.0,37.08,23.5,0.806
0,62.0,97.2,109.2,89.1,37.52,15.0,0.568
0,77.9,95.6,132.0,63.7,37.14,19.7,0.59
0,52.7,96.4,134.3,78.5,36.93,20.4,0.392
0,61.2,96.9,110.9,74.6,37.46,21.9,0.552
0,88.1,100.0,119.7,87.5,36.17,13.2,0.736
0,87.1,99.8,107.2,82.6,36.45,15.1,0.812
0,72.1,99.7,112.7,77.3,37.17,15.8,0.64
0,62.7,98.4,126.5,69.9,35.35,14.6,0.496
1,62.6,94.8,113.5,55.6,37.79,21.0,0.552
0,72.4,97.4,117.8,78.7,37.01,15.7,0.614
1,87.7,99.8,97.1,81.8,36.91,9.8,0.903
0,91.9,94.5,141.3,58.7,35.66,13.6,0.651
0,70.6,99.0,130.7,62.4,35.9,10.0,0.54
0,60.7,100.0,135.5,78.8,36.52,15.1,0.448
0,82.0,100.0,143.9,79.7,37.37,18.6,0.57
0,65.6,100.0,108.0,65.1,35.35,13.5,0.608
0,70.2,98.0,115.9,69.7,37.35,14.5,0.606
1,97.9,99.8,89.8,55.8,36.55,15.0,1.09
0,90.4,95.8,175.4,91.1,36.64,16.5,0.515
0,80.4,99.4,119.5,61.7,36.98,18.0,0.673
0,58.9,99.1,139.7,82.0,36.99,19.1,0.422
0,81.2,98.2,101.0,75.6,36.3,24.6,0.804
0,93.9,100.0,138.9,90.2,37.24,16.5,0.676
0,72.4,96.2,153.6,67.3,35.18,18.8,0.471
0,98.3,97.1,121.0,76.7,36.48,10.0,0.812
1,97.4,97.7,104.8,57.3,36.91,14.6,0.929
1,103.0,95.0,119.6,54.7,36.56,15.0,0.861
0,82.6,98.0,84.1,82.6,35.52,12.1,0.981
1,86.8,93.4,121.4,56.4,37.33,14.0,0.715
0,99.2,100.0,136.0,73.5,35.93,15.6,0.73
0,84.7,97.6,121.4,87.1,36.75,14.1,0.698
0,70.5,96.2,117.2,84.2,36.91,25.9,0.602
0,71.3,95.5,131.0,68.7,36.81,17.9,0.544
1,81.6,96.9,132.3,58.5,37.62,23.6,0.617
0,58.6,99.2,93.8,81.6,36.76,21.7,0.625
0,75.9,98.8,123.5,90.8,37.1,13.6,0.614
0,94.4,95.8,163.4,68.7,36.76,16.1,0.578
0,45.1,95.5,99.3,67.2,37.23,14.3,0.454
1,101.0,99.1,120.5,70.2,37.78,15.4,0.838
0,94.8,95.8,155.0,82.3,36.9,12.3,0.612
0,71.1,97.6,140.8,89.5,37.35,14.3,0.505
1,86.2,97.8,113.3,62.4,37.82,17.4,0.761
1,78.0,98.2,125.5,59.5,37.75,17.3,0.622
0,96.4,99.6,122.0,101.7,36.53,17.0,0.791
1,92.7,94.5,109.3,74.0,37.53,15.8,0.849
0,57.0,92.9,120.7,78.8,36.97,19.3,0.472
1,86.8,96.1,117.2,68.4,37.58,15.0,0.74
0,74.9,100.0,123.9,81.4,37.2,21.3,0.605
0,79.2,100.0,109.3,86.6,36.99,9.0,0.725
0,67.1,100.0,100.3,79.3,37.1,18.5,0.669
1,104.2,97.0,121.3,95.1,36.98,17.9,0.859
0,93.6,93.2,151.2,72.4,37.01,13.4,0.619
0,66.9,91.9,123.4,73.1,36.69,14.7,0.542
0,58.0,96.0,116.4,78.5,36.62,17.8,0.498
1,72.2,97.0,134.8,81.1,38.03,19.5,0.536
0,84.5,100.0,119.3,78.5,37.13,9.4,0.708
0,81.6,99.6,153.8,61.9,36.4,18.4,0.531
0,96.8,98.0,121.9,79.4,36.61,14.3,0.794
1,89.8,95.4,133.9,71.9,37.54,20.3,0.671
0,92.5,95.2,109.2,69.6,36.28,9.0,0.848
0,82.9,98.1,130.6,76.4,35.76,25.3,0.635
0,57.2,99.2,126.7,65.4,35.81,12.6,0.451
0,75.1,98.4,121.0,63.5,35.59,21.4,0.62
0,93.9,95.0,113.5,47.2,35.89,15.7,0.828
0,77.2,99.1,111.2,95.2,35.97,12.9,0.695
1,85.5,98.5,126.8,82.1,37.77,17.0,0.675
0,73.2,94.9,132.7,74.7,36.77,19.9,0.552
0,62.6,95.6,119.8,68.7,36.55,10.1,0.522
0,76.1,99.2,126.9,44.4,35.79,18.7,0.6
0,82.6,96.9,121.4,68.0,36.7,16.0,0.681
0,68.2,100.0,123.7,83.9,35.58,18.2,0.551
0,74.5,98.7,118.6,86.4,36.54,16.0,0.628
1,63.9,96.3,122.3,83.1,38.25,13.8,0.523
0,94.8,97.5,167.9,77.7,37.26,11.8,0.565
0,73.6,97.7,127.3,90.3,36.65,18.6,0.578
1,99.8,95.8,133.0,72.4,37.29,18.5,0.75
0,100.9,95.3,129.4,87.9,36.43,18.5,0.78
0,76.8,99.2,117.5,71.8,36.24,17.6,0.653
0,62.9,99.5,144.0,66.3,37.99,19.6,0.437
0,46.7,98.9,117.1,64.9,36.0,21.3,0.399
0,55.9,100.0,139.9,64.3,36.55,8.9,0.4
0,57.4,96.2,116.3,83.2,37.01,8.0,0.493
1,98.7,100.0,105.7,67.8,36.14,22.5,0.934
0,79.7,95.3,128.2,64.6,37.26,10.9,0.622
0,83.8,95.1,103.2,83.9,36.59,11.9,0.812
0,45.0,93.3,131.1,79.6,37.26,14.9,0.343
0,60.0,96.4,101.7,86.6,37.21,9.7,0.59
0,91.3,96.3,116.6,81.6,36.63,14.5,0.783
1,82.3,98.8,97.7,67.7,38.0,12.4,0.843
0,75.8,98.1,170.0,76.8,36.33,15.1,0.446
1,86.5,94.6,93.9,77.4,37.74,17.1,0.921
1,102.5,96.6,122.2,65.9,37.62,14.7,0.839
0,74.7,96.6,141.4,63.8,38.04,14.5,0.528
0,79.0,93.2,139.6,68.5,36.92,17.0,0.566
0,80.9,95.1,136.5,98.4,36.25,20.0,0.593
1,113.9,95.7,116.6,71.5,38.25,22.1,0.977
0,46.5,100.0,145.0,89.6,36.57,15.2,0.321
0,88.2,98.0,137.5,70.8,36.23,22.9,0.642
0,76.3,99.1,125.6,85.8,36.67,19.3,0.607
0,86.5,93.9,126.1,85.9,36.11,11.3,0.686
0,68.1,100.0,116.8,86.5,37.17,11.2,0.583
0,77.3,100.0,106.5,80.3,36.38,13.8,0.725
0,88.7,92.7,143.0,91.2,36.6,21.5,0.62
1,124.7,95.8,144.3,80.2,37.48,14.1,0.864
1,90.1,98.7,107.0,94.8,37.24,8.8,0.842
0,65.3,99.0,119.4,58.2,36.81,15.1,0.547
